,0,1,2,3,4,5,6,7,8,9,10,11,12,13,14,15,16,17,18,19,20,21,22,23,24,25,26,27,28,29,30,31,32,33,34,35,36,37,38,39,40,41,42,43,44,45,46,47,48,49,50,51,52,53,54,55,56,57,58,59,60,61,62,63,64,65,66,67,68,69,70,71,72,73,74,75,76,77,78,79,80,81,82,83,84,85,86,87,88,89,90,91,92,93,94,95,96,97,98,99
0,0.0,12.5,0.0,0.0,0.0,0.0,0.0,0.0,0.0,12.5,0.0,16.666666666666668,0.0,0.0,0.0,0.0,0.0,,0.0,20.0,0.0,33.333333333333336,0.0,20.0,0.0,50.0,0.0,0.0,12.5,0.0,0.0,0.0,0.0,0.0,0.0,25.0,0.0,0.0,0.0,0.0,0.0,18.181818181818183,0.0,20.0,0.0,57.142857142857146,,0.0,0.0,0.0,0.0,33.333333333333336,0.0,0.0,0.0,0.0,33.333333333333336,16.666666666666668,0.0,0.0,0.0,0.0,10.0,0.0,0.0,0.0,20.0,0.0,0.0,0.0,0.0,0.0,0.0,0.0,0.0,0.0,0.0,0.0,0.0,0.0,0.0,0.0,0.0,0.0,0.0,0.0,0.0,0.0,0.0,0.0,0.0,0.0,0.0,0.0,12.5,0.0,14.285714285714286,0.0,0.0,16.666666666666668
1,0.0,0.0,11.11111111111111,,20.0,0.0,12.5,0.0,0.0,0.0,16.666666666666668,0.0,25.0,0.0,0.0,0.0,0.0,0.0,0.0,0.0,0.0,0.0,0.0,0.0,0.0,0.0,0.0,16.666666666666668,0.0,0.0,0.0,0.0,0.0,20.0,0.0,16.666666666666668,0.0,50.0,0.0,0.0,0.0,0.0,,0.0,0.0,0.0,0.0,0.0,0.0,0.0,14.285714285714286,0.0,0.0,22.22222222222222,0.0,0.0,0.0,33.333333333333336,12.5,0.0,0.0,0.0,0.0,0.0,0.0,0.0,12.5,0.0,33.333333333333336,0.0,0.0,0.0,0.0,0.0,33.333333333333336,0.0,0.0,0.0,18.181818181818183,12.5,0.0,0.0,0.0,0.0,14.285714285714286,0.0,0.0,0.0,12.5,0.0,11.11111111111111,0.0,0.0,0.0,20.0,0.0,0.0,0.0,0.0,0.0
2,20.0,16.666666666666668,0.0,0.0,0.0,0.0,25.0,42.857142857142854,0.0,,0.0,0.0,16.666666666666668,0.0,0.0,0.0,0.0,16.666666666666668,0.0,42.857142857142854,0.0,0.0,12.5,0.0,0.0,22.22222222222222,50.0,0.0,12.5,0.0,25.0,0.0,25.0,0.0,0.0,0.0,12.5,0.0,33.333333333333336,0.0,0.0,16.666666666666668,0.0,16.666666666666668,50.0,40.0,0.0,30.0,0.0,14.285714285714286,14.285714285714286,0.0,0.0,0.0,0.0,0.0,0.0,0.0,10.0,0.0,11.11111111111111,0.0,0.0,14.285714285714286,16.666666666666668,10.0,0.0,0.0,11.11111111111111,0.0,0.0,0.0,18.181818181818183,0.0,0.0,0.0,0.0,0.0,0.0,0.0,0.0,0.0,0.0,0.0,0.0,0.0,0.0,0.0,0.0,0.0,25.0,16.666666666666668,0.0,,16.666666666666668,0.0,0.0,14.285714285714286,0.0,0.0
3,0.0,0.0,,9.090909090909092,0.0,0.0,0.0,0.0,0.0,0.0,0.0,10.0,16.666666666666668,0.0,0.0,0.0,0.0,0.0,0.0,0.0,50.0,0.0,0.0,14.285714285714286,0.0,0.0,0.0,0.0,0.0,0.0,0.0,0.0,0.0,0.0,0.0,0.0,0.0,0.0,25.0,0.0,0.0,0.0,0.0,,12.5,0.0,16.666666666666668,33.333333333333336,0.0,14.285714285714286,0.0,0.0,25.0,12.5,12.5,20.0,0.0,0.0,20.0,50.0,0.0,0.0,0.0,0.0,0.0,,0.0,0.0,0.0,0.0,0.0,0.0,33.333333333333336,0.0,16.666666666666668,0.0,0.0,0.0,0.0,0.0,0.0,14.285714285714286,0.0,0.0,0.0,12.5,33.333333333333336,0.0,28.571428571428573,0.0,0.0,0.0,0.0,16.666666666666668,0.0,0.0,0.0,0.0,0.0,0.0
4,0.0,0.0,10.0,0.0,0.0,0.0,0.0,16.666666666666668,0.0,0.0,0.0,0.0,0.0,0.0,0.0,0.0,20.0,0.0,0.0,0.0,10.0,0.0,0.0,0.0,0.0,0.0,10.0,37.5,0.0,0.0,0.0,0.0,0.0,20.0,0.0,0.0,0.0,0.0,0.0,0.0,0.0,0.0,0.0,0.0,0.0,0.0,0.0,0.0,0.0,0.0,0.0,0.0,0.0,0.0,0.0,0.0,0.0,0.0,0.0,0.0,0.0,25.0,0.0,0.0,0.0,0.0,0.0,50.0,20.0,0.0,0.0,11.11111111111111,0.0,0.0,0.0,14.285714285714286,0.0,25.0,0.0,14.285714285714286,0.0,0.0,14.285714285714286,0.0,0.0,0.0,0.0,0.0,0.0,0.0,0.0,0.0,0.0,0.0,0.0,0.0,0.0,0.0,0.0,0.0
5,0.0,0.0,0.0,25.0,0.0,0.0,0.0,12.5,,0.0,0.0,0.0,0.0,25.0,33.333333333333336,0.0,0.0,0.0,40.0,0.0,0.0,16.666666666666668,0.0,0.0,0.0,0.0,6.666666666666667,0.0,0.0,0.0,,0.0,0.0,0.0,0.0,25.0,12.5,0.0,0.0,0.0,9.090909090909092,0.0,0.0,0.0,0.0,0.0,0.0,,0.0,0.0,0.0,0.0,0.0,0.0,0.0,0.0,0.0,14.285714285714286,0.0,0.0,33.333333333333336,0.0,14.285714285714286,14.285714285714286,0.0,14.285714285714286,16.666666666666668,0.0,0.0,0.0,0.0,25.0,0.0,0.0,0.0,0.0,0.0,0.0,0.0,10.0,0.0,0.0,0.0,0.0,0.0,0.0,28.571428571428573,11.11111111111111,0.0,0.0,0.0,16.666666666666668,0.0,0.0,16.666666666666668,0.0,0.0,12.5,,0.0
6,0.0,0.0,0.0,0.0,0.0,0.0,0.0,0.0,0.0,0.0,0.0,0.0,0.0,0.0,0.0,0.0,0.0,0.0,11.11111111111111,0.0,0.0,0.0,0.0,0.0,20.0,0.0,25.0,,11.11111111111111,0.0,20.0,0.0,0.0,12.5,16.666666666666668,16.666666666666668,0.0,,0.0,0.0,0.0,0.0,0.0,0.0,0.0,0.0,0.0,33.333333333333336,,11.11111111111111,0.0,14.285714285714286,0.0,0.0,0.0,0.0,14.285714285714286,0.0,0.0,0.0,0.0,0.0,22.22222222222222,0.0,0.0,0.0,0.0,0.0,0.0,0.0,0.0,0.0,0.0,0.0,0.0,20.0,0.0,0.0,0.0,0.0,0.0,0.0,,20.0,50.0,0.0,33.333333333333336,14.285714285714286,0.0,0.0,25.0,0.0,0.0,,18.181818181818183,0.0,0.0,0.0,14.285714285714286,0.0
7,0.0,0.0,0.0,0.0,0.0,0.0,0.0,12.5,0.0,0.0,0.0,0.0,14.285714285714286,0.0,0.0,0.0,22.22222222222222,0.0,0.0,0.0,0.0,0.0,0.0,0.0,0.0,0.0,14.285714285714286,0.0,0.0,0.0,0.0,0.0,0.0,0.0,,0.0,0.0,11.11111111111111,0.0,0.0,16.666666666666668,0.0,,0.0,12.5,0.0,28.571428571428573,0.0,28.571428571428573,0.0,0.0,,0.0,14.285714285714286,0.0,0.0,0.0,14.285714285714286,0.0,,0.0,11.11111111111111,12.5,0.0,0.0,0.0,0.0,28.571428571428573,0.0,0.0,0.0,0.0,0.0,0.0,0.0,0.0,0.0,0.0,18.181818181818183,0.0,0.0,0.0,0.0,0.0,20.0,0.0,0.0,20.0,0.0,0.0,14.285714285714286,50.0,0.0,16.666666666666668,20.0,0.0,0.0,,0.0,0.0
8,,0.0,0.0,11.11111111111111,0.0,0.0,0.0,,14.285714285714286,0.0,0.0,0.0,0.0,0.0,0.0,0.0,0.0,16.666666666666668,0.0,0.0,0.0,0.0,0.0,25.0,0.0,0.0,0.0,0.0,0.0,0.0,0.0,33.333333333333336,0.0,0.0,20.0,0.0,0.0,12.5,0.0,11.11111111111111,,0.0,0.0,12.5,0.0,,11.11111111111111,0.0,11.11111111111111,0.0,0.0,0.0,0.0,28.571428571428573,0.0,10.0,0.0,0.0,0.0,0.0,12.5,0.0,16.666666666666668,0.0,0.0,0.0,25.0,25.0,25.0,0.0,25.0,0.0,0.0,0.0,0.0,,0.0,0.0,0.0,0.0,0.0,0.0,0.0,0.0,33.333333333333336,0.0,0.0,0.0,50.0,50.0,0.0,0.0,0.0,0.0,33.333333333333336,42.857142857142854,0.0,28.571428571428573,0.0,0.0
9,0.0,0.0,0.0,0.0,0.0,16.666666666666668,0.0,0.0,0.0,0.0,0.0,0.0,0.0,12.5,0.0,0.0,0.0,0.0,0.0,16.666666666666668,0.0,0.0,0.0,0.0,0.0,0.0,0.0,20.0,0.0,,18.181818181818183,20.0,0.0,0.0,0.0,0.0,0.0,0.0,0.0,0.0,0.0,0.0,0.0,60.0,0.0,0.0,0.0,16.666666666666668,0.0,0.0,0.0,0.0,0.0,18.181818181818183,0.0,0.0,0.0,0.0,0.0,16.666666666666668,0.0,40.0,50.0,0.0,0.0,0.0,0.0,22.22222222222222,0.0,25.0,0.0,0.0,0.0,25.0,0.0,12.5,0.0,0.0,0.0,0.0,50.0,0.0,0.0,16.666666666666668,0.0,0.0,0.0,0.0,100.0,0.0,33.333333333333336,12.5,0.0,0.0,0.0,0.0,0.0,14.285714285714286,0.0,75.0
10,0.0,33.333333333333336,0.0,20.0,0.0,0.0,0.0,0.0,0.0,0.0,0.0,14.285714285714286,0.0,0.0,0.0,0.0,0.0,0.0,0.0,25.0,0.0,0.0,0.0,0.0,0.0,11.11111111111111,0.0,0.0,0.0,0.0,0.0,20.0,11.11111111111111,0.0,0.0,0.0,,16.666666666666668,0.0,0.0,0.0,0.0,0.0,25.0,0.0,,0.0,0.0,0.0,,0.0,0.0,11.11111111111111,0.0,0.0,20.0,0.0,0.0,0.0,0.0,0.0,0.0,0.0,0.0,33.333333333333336,0.0,,0.0,0.0,0.0,0.0,25.0,0.0,0.0,0.0,0.0,20.0,0.0,16.666666666666668,0.0,0.0,0.0,0.0,0.0,0.0,0.0,20.0,0.0,25.0,0.0,33.333333333333336,0.0,0.0,0.0,0.0,12.5,0.0,0.0,0.0,16.666666666666668
11,20.0,0.0,33.333333333333336,0.0,10.0,0.0,0.0,0.0,0.0,0.0,0.0,0.0,0.0,16.666666666666668,33.333333333333336,0.0,0.0,,33.333333333333336,0.0,0.0,0.0,0.0,0.0,0.0,0.0,0.0,,0.0,14.285714285714286,0.0,0.0,0.0,0.0,0.0,0.0,0.0,0.0,0.0,0.0,0.0,0.0,10.0,16.666666666666668,0.0,0.0,0.0,11.11111111111111,0.0,20.0,0.0,0.0,0.0,,0.0,25.0,0.0,20.0,0.0,0.0,0.0,0.0,0.0,0.0,0.0,0.0,0.0,0.0,0.0,0.0,,0.0,0.0,0.0,0.0,0.0,0.0,0.0,0.0,14.285714285714286,0.0,0.0,,0.0,0.0,20.0,0.0,,0.0,0.0,0.0,0.0,0.0,0.0,,0.0,0.0,14.285714285714286,0.0,
12,0.0,0.0,12.5,0.0,0.0,0.0,0.0,0.0,12.5,0.0,0.0,0.0,0.0,,0.0,0.0,25.0,16.666666666666668,11.11111111111111,0.0,0.0,0.0,0.0,0.0,0.0,50.0,0.0,0.0,0.0,0.0,0.0,0.0,0.0,0.0,16.666666666666668,0.0,0.0,0.0,11.11111111111111,11.11111111111111,0.0,0.0,37.5,12.5,22.22222222222222,0.0,0.0,0.0,0.0,0.0,0.0,16.666666666666668,0.0,,0.0,0.0,0.0,0.0,0.0,20.0,14.285714285714286,0.0,20.0,25.0,0.0,11.11111111111111,0.0,0.0,0.0,0.0,0.0,66.66666666666667,0.0,14.285714285714286,0.0,0.0,0.0,0.0,0.0,0.0,0.0,11.11111111111111,0.0,20.0,0.0,0.0,20.0,0.0,0.0,11.11111111111111,0.0,0.0,16.666666666666668,0.0,0.0,0.0,0.0,40.0,0.0,0.0
13,0.0,0.0,0.0,0.0,14.285714285714286,0.0,0.0,11.11111111111111,25.0,0.0,0.0,0.0,0.0,12.5,0.0,0.0,50.0,0.0,0.0,11.11111111111111,11.11111111111111,0.0,0.0,0.0,0.0,0.0,0.0,0.0,0.0,0.0,0.0,0.0,0.0,50.0,0.0,0.0,0.0,25.0,0.0,8.333333333333334,0.0,0.0,28.571428571428573,14.285714285714286,0.0,0.0,11.11111111111111,0.0,0.0,0.0,0.0,0.0,0.0,0.0,0.0,20.0,0.0,0.0,0.0,0.0,0.0,,0.0,0.0,0.0,,0.0,0.0,0.0,0.0,14.285714285714286,0.0,14.285714285714286,,40.0,14.285714285714286,0.0,40.0,12.5,0.0,0.0,0.0,0.0,20.0,0.0,0.0,16.666666666666668,0.0,0.0,50.0,0.0,0.0,0.0,0.0,0.0,0.0,0.0,0.0,0.0,0.0
14,0.0,0.0,0.0,0.0,12.5,0.0,0.0,0.0,0.0,0.0,0.0,0.0,0.0,0.0,0.0,0.0,0.0,0.0,20.0,0.0,33.333333333333336,0.0,0.0,0.0,0.0,0.0,0.0,0.0,0.0,20.0,0.0,0.0,0.0,0.0,0.0,14.285714285714286,0.0,25.0,0.0,0.0,0.0,0.0,12.5,0.0,0.0,0.0,0.0,20.0,0.0,0.0,0.0,0.0,0.0,20.0,0.0,0.0,0.0,50.0,0.0,0.0,0.0,0.0,0.0,0.0,0.0,0.0,20.0,0.0,0.0,14.285714285714286,20.0,0.0,0.0,0.0,0.0,0.0,14.285714285714286,0.0,0.0,0.0,0.0,0.0,0.0,0.0,0.0,0.0,25.0,20.0,0.0,0.0,0.0,0.0,,0.0,0.0,16.666666666666668,25.0,0.0,25.0,14.285714285714286
15,0.0,0.0,0.0,0.0,0.0,0.0,0.0,0.0,0.0,0.0,0.0,0.0,0.0,0.0,0.0,0.0,20.0,16.666666666666668,0.0,0.0,11.11111111111111,0.0,0.0,28.571428571428573,0.0,0.0,0.0,20.0,0.0,0.0,16.666666666666668,0.0,0.0,0.0,0.0,0.0,0.0,0.0,14.285714285714286,0.0,0.0,0.0,0.0,0.0,0.0,0.0,0.0,0.0,0.0,0.0,0.0,0.0,0.0,0.0,0.0,,0.0,0.0,,0.0,0.0,0.0,0.0,0.0,0.0,0.0,0.0,0.0,0.0,0.0,0.0,0.0,0.0,0.0,0.0,0.0,0.0,0.0,14.285714285714286,0.0,0.0,0.0,0.0,0.0,0.0,0.0,0.0,0.0,0.0,0.0,0.0,25.0,0.0,0.0,0.0,14.285714285714286,0.0,0.0,12.5,0.0
16,0.0,0.0,0.0,0.0,0.0,0.0,0.0,0.0,0.0,0.0,0.0,,0.0,0.0,0.0,0.0,0.0,0.0,0.0,33.333333333333336,0.0,33.333333333333336,,0.0,0.0,0.0,,9.090909090909092,33.333333333333336,0.0,0.0,50.0,0.0,0.0,14.285714285714286,0.0,14.285714285714286,0.0,0.0,0.0,0.0,0.0,14.285714285714286,10.0,0.0,0.0,0.0,0.0,0.0,0.0,0.0,0.0,0.0,0.0,0.0,20.0,14.285714285714286,16.666666666666668,0.0,0.0,0.0,0.0,50.0,12.5,25.0,0.0,0.0,20.0,,0.0,0.0,0.0,0.0,10.0,14.285714285714286,0.0,0.0,16.666666666666668,11.11111111111111,0.0,0.0,0.0,0.0,10.0,0.0,0.0,0.0,0.0,0.0,,0.0,0.0,0.0,10.0,0.0,22.22222222222222,0.0,0.0,0.0,0.0
17,0.0,0.0,42.857142857142854,0.0,0.0,33.333333333333336,0.0,14.285714285714286,0.0,0.0,0.0,25.0,0.0,22.22222222222222,0.0,33.333333333333336,0.0,12.5,0.0,50.0,0.0,0.0,0.0,0.0,0.0,0.0,0.0,,0.0,0.0,0.0,0.0,8.333333333333334,25.0,0.0,28.571428571428573,0.0,0.0,11.11111111111111,14.285714285714286,33.333333333333336,33.333333333333336,20.0,0.0,0.0,0.0,0.0,0.0,11.11111111111111,0.0,0.0,33.333333333333336,0.0,50.0,0.0,0.0,0.0,0.0,0.0,0.0,0.0,0.0,0.0,0.0,33.333333333333336,0.0,11.11111111111111,0.0,0.0,0.0,0.0,50.0,0.0,0.0,0.0,0.0,0.0,,0.0,0.0,0.0,0.0,0.0,0.0,25.0,50.0,0.0,0.0,20.0,0.0,0.0,0.0,0.0,0.0,0.0,16.666666666666668,0.0,0.0,0.0,14.285714285714286
18,12.5,0.0,0.0,16.666666666666668,0.0,0.0,25.0,0.0,12.5,0.0,0.0,0.0,28.571428571428573,0.0,0.0,0.0,0.0,0.0,0.0,0.0,0.0,0.0,0.0,,0.0,0.0,25.0,0.0,16.666666666666668,0.0,33.333333333333336,16.666666666666668,0.0,0.0,16.666666666666668,0.0,0.0,0.0,14.285714285714286,0.0,0.0,0.0,0.0,0.0,,0.0,22.22222222222222,20.0,0.0,14.285714285714286,11.11111111111111,0.0,12.5,0.0,0.0,0.0,16.666666666666668,0.0,0.0,33.333333333333336,0.0,0.0,0.0,0.0,0.0,0.0,0.0,0.0,10.0,0.0,12.5,0.0,0.0,20.0,0.0,,0.0,0.0,0.0,40.0,25.0,0.0,0.0,0.0,0.0,0.0,0.0,0.0,0.0,0.0,0.0,0.0,0.0,0.0,0.0,0.0,20.0,0.0,28.571428571428573,16.666666666666668
19,0.0,33.333333333333336,0.0,0.0,0.0,12.5,16.666666666666668,0.0,0.0,0.0,16.666666666666668,0.0,0.0,0.0,12.5,0.0,0.0,33.333333333333336,0.0,0.0,0.0,0.0,12.5,0.0,0.0,0.0,0.0,,0.0,,0.0,0.0,25.0,0.0,0.0,0.0,14.285714285714286,0.0,0.0,10.0,33.333333333333336,20.0,0.0,25.0,0.0,50.0,0.0,0.0,0.0,0.0,0.0,0.0,0.0,0.0,16.666666666666668,0.0,0.0,0.0,0.0,42.857142857142854,0.0,0.0,,0.0,0.0,0.0,,11.11111111111111,0.0,0.0,0.0,25.0,16.666666666666668,22.22222222222222,0.0,0.0,0.0,0.0,22.22222222222222,0.0,0.0,0.0,0.0,0.0,0.0,0.0,0.0,25.0,0.0,0.0,0.0,,0.0,50.0,0.0,0.0,0.0,0.0,33.333333333333336,0.0
20,0.0,18.181818181818183,0.0,0.0,33.333333333333336,0.0,0.0,,20.0,0.0,0.0,0.0,33.333333333333336,0.0,0.0,20.0,0.0,0.0,11.11111111111111,0.0,14.285714285714286,33.333333333333336,0.0,50.0,0.0,0.0,0.0,,0.0,0.0,42.857142857142854,0.0,12.5,14.285714285714286,100.0,0.0,0.0,0.0,0.0,0.0,,0.0,16.666666666666668,0.0,0.0,0.0,0.0,0.0,7.6923076923076925,0.0,0.0,0.0,0.0,,0.0,0.0,0.0,0.0,0.0,0.0,0.0,9.090909090909092,0.0,0.0,11.11111111111111,0.0,0.0,0.0,0.0,0.0,16.666666666666668,0.0,0.0,0.0,0.0,0.0,0.0,16.666666666666668,0.0,0.0,0.0,0.0,20.0,0.0,0.0,0.0,0.0,0.0,0.0,0.0,0.0,0.0,0.0,20.0,0.0,0.0,0.0,50.0,50.0,0.0
21,0.0,0.0,33.333333333333336,50.0,0.0,0.0,16.666666666666668,0.0,0.0,0.0,0.0,28.571428571428573,0.0,0.0,0.0,,30.0,33.333333333333336,12.5,0.0,0.0,0.0,0.0,0.0,12.5,0.0,0.0,0.0,0.0,0.0,0.0,0.0,0.0,0.0,12.5,0.0,0.0,0.0,0.0,0.0,0.0,20.0,100.0,0.0,12.5,0.0,0.0,0.0,0.0,0.0,25.0,0.0,0.0,0.0,0.0,0.0,0.0,0.0,0.0,20.0,0.0,,20.0,0.0,,0.0,0.0,0.0,0.0,33.333333333333336,0.0,0.0,12.5,0.0,28.571428571428573,33.333333333333336,0.0,0.0,0.0,0.0,0.0,0.0,0.0,0.0,11.11111111111111,0.0,0.0,12.5,0.0,0.0,0.0,50.0,0.0,0.0,0.0,0.0,,0.0,0.0,0.0
22,0.0,0.0,33.333333333333336,0.0,11.11111111111111,0.0,20.0,0.0,0.0,12.5,,0.0,0.0,20.0,0.0,0.0,0.0,0.0,,0.0,0.0,0.0,50.0,0.0,0.0,0.0,0.0,0.0,,,0.0,0.0,0.0,0.0,25.0,0.0,10.0,0.0,0.0,0.0,,0.0,25.0,0.0,0.0,,0.0,0.0,0.0,0.0,12.5,0.0,0.0,0.0,0.0,,0.0,0.0,0.0,0.0,0.0,0.0,0.0,0.0,0.0,0.0,0.0,0.0,20.0,25.0,0.0,0.0,0.0,0.0,0.0,0.0,0.0,0.0,0.0,0.0,0.0,0.0,0.0,0.0,20.0,0.0,20.0,0.0,0.0,0.0,0.0,0.0,0.0,0.0,0.0,28.571428571428573,0.0,0.0,0.0,0.0
23,14.285714285714286,0.0,0.0,,0.0,28.571428571428573,0.0,0.0,20.0,16.666666666666668,33.333333333333336,0.0,0.0,0.0,0.0,0.0,0.0,0.0,20.0,0.0,0.0,0.0,0.0,0.0,0.0,50.0,0.0,0.0,16.666666666666668,20.0,40.0,0.0,0.0,0.0,,0.0,0.0,9.090909090909092,0.0,0.0,0.0,0.0,0.0,0.0,9.090909090909092,14.285714285714286,0.0,0.0,0.0,0.0,0.0,12.5,33.333333333333336,20.0,,0.0,25.0,0.0,0.0,25.0,0.0,0.0,0.0,16.666666666666668,22.22222222222222,14.285714285714286,0.0,0.0,0.0,0.0,0.0,0.0,0.0,9.090909090909092,0.0,0.0,0.0,0.0,0.0,,0.0,0.0,0.0,0.0,0.0,0.0,0.0,0.0,0.0,0.0,16.666666666666668,0.0,16.666666666666668,0.0,0.0,0.0,0.0,0.0,0.0,0.0
24,,0.0,0.0,0.0,,16.666666666666668,0.0,0.0,0.0,0.0,25.0,14.285714285714286,12.5,20.0,0.0,0.0,33.333333333333336,0.0,0.0,16.666666666666668,16.666666666666668,0.0,0.0,,20.0,0.0,0.0,0.0,12.5,0.0,0.0,0.0,16.666666666666668,0.0,0.0,11.11111111111111,0.0,0.0,0.0,0.0,0.0,0.0,16.666666666666668,12.5,0.0,,,11.11111111111111,0.0,,0.0,20.0,0.0,0.0,40.0,0.0,0.0,0.0,0.0,25.0,0.0,0.0,0.0,11.11111111111111,0.0,0.0,25.0,20.0,0.0,0.0,25.0,0.0,0.0,50.0,0.0,0.0,0.0,0.0,0.0,0.0,0.0,0.0,16.666666666666668,0.0,0.0,0.0,14.285714285714286,0.0,0.0,0.0,0.0,11.11111111111111,0.0,0.0,0.0,0.0,0.0,0.0,,0.0
25,0.0,,0.0,0.0,0.0,0.0,28.571428571428573,0.0,14.285714285714286,0.0,0.0,12.5,0.0,0.0,0.0,0.0,0.0,0.0,0.0,0.0,0.0,0.0,0.0,20.0,0.0,0.0,0.0,0.0,0.0,0.0,11.11111111111111,0.0,0.0,0.0,0.0,0.0,0.0,100.0,0.0,0.0,0.0,0.0,0.0,0.0,0.0,0.0,16.666666666666668,0.0,0.0,0.0,25.0,0.0,0.0,0.0,16.666666666666668,0.0,0.0,0.0,0.0,0.0,0.0,0.0,0.0,0.0,33.333333333333336,0.0,20.0,0.0,0.0,,0.0,40.0,20.0,11.11111111111111,0.0,0.0,0.0,0.0,0.0,0.0,0.0,0.0,0.0,16.666666666666668,0.0,0.0,0.0,0.0,,0.0,0.0,0.0,0.0,0.0,0.0,25.0,0.0,0.0,0.0,0.0
26,33.333333333333336,,0.0,0.0,14.285714285714286,0.0,20.0,25.0,0.0,25.0,0.0,16.666666666666668,0.0,7.142857142857143,0.0,,0.0,0.0,0.0,0.0,14.285714285714286,0.0,,0.0,0.0,12.5,25.0,0.0,0.0,0.0,25.0,0.0,25.0,0.0,0.0,0.0,0.0,20.0,0.0,0.0,0.0,0.0,60.0,0.0,,0.0,0.0,0.0,0.0,14.285714285714286,0.0,33.333333333333336,0.0,0.0,16.666666666666668,25.0,0.0,0.0,0.0,16.666666666666668,0.0,0.0,0.0,0.0,0.0,0.0,0.0,0.0,0.0,0.0,0.0,14.285714285714286,20.0,0.0,0.0,0.0,14.285714285714286,0.0,0.0,0.0,0.0,0.0,0.0,0.0,0.0,0.0,0.0,0.0,0.0,0.0,16.666666666666668,0.0,,0.0,14.285714285714286,0.0,0.0,0.0,0.0,0.0
27,0.0,0.0,0.0,0.0,28.571428571428573,28.571428571428573,0.0,0.0,0.0,0.0,0.0,0.0,0.0,,0.0,0.0,,25.0,0.0,16.666666666666668,0.0,0.0,0.0,0.0,0.0,0.0,0.0,0.0,0.0,0.0,0.0,0.0,0.0,0.0,0.0,12.5,0.0,0.0,0.0,0.0,0.0,0.0,0.0,0.0,16.666666666666668,0.0,0.0,0.0,0.0,22.22222222222222,0.0,0.0,0.0,0.0,0.0,0.0,16.666666666666668,0.0,20.0,16.666666666666668,0.0,0.0,0.0,25.0,0.0,0.0,0.0,12.5,12.5,0.0,0.0,0.0,0.0,0.0,0.0,0.0,0.0,0.0,0.0,0.0,50.0,0.0,0.0,0.0,0.0,0.0,0.0,0.0,0.0,0.0,0.0,0.0,0.0,0.0,0.0,0.0,0.0,0.0,0.0,0.0
28,33.333333333333336,0.0,0.0,0.0,0.0,0.0,0.0,16.666666666666668,0.0,0.0,22.22222222222222,0.0,14.285714285714286,0.0,0.0,0.0,0.0,0.0,0.0,0.0,0.0,11.11111111111111,0.0,10.0,0.0,0.0,0.0,0.0,0.0,0.0,0.0,0.0,0.0,0.0,0.0,0.0,0.0,0.0,0.0,0.0,11.11111111111111,0.0,0.0,0.0,14.285714285714286,0.0,0.0,0.0,0.0,0.0,0.0,25.0,0.0,0.0,0.0,25.0,0.0,40.0,0.0,0.0,0.0,0.0,0.0,0.0,20.0,0.0,0.0,0.0,0.0,0.0,0.0,0.0,0.0,11.11111111111111,0.0,0.0,11.11111111111111,0.0,0.0,0.0,33.333333333333336,14.285714285714286,75.0,0.0,0.0,20.0,0.0,0.0,0.0,20.0,0.0,11.11111111111111,0.0,0.0,0.0,12.5,0.0,0.0,0.0,0.0
29,0.0,0.0,0.0,22.22222222222222,0.0,0.0,0.0,0.0,0.0,0.0,0.0,0.0,0.0,12.5,0.0,0.0,0.0,8.333333333333334,0.0,0.0,0.0,0.0,33.333333333333336,0.0,0.0,0.0,0.0,0.0,0.0,0.0,0.0,0.0,0.0,0.0,0.0,0.0,0.0,,0.0,10.0,0.0,25.0,0.0,,0.0,0.0,0.0,12.5,0.0,0.0,0.0,,0.0,0.0,0.0,0.0,0.0,0.0,0.0,0.0,0.0,0.0,0.0,0.0,0.0,11.11111111111111,0.0,0.0,0.0,0.0,0.0,0.0,33.333333333333336,0.0,0.0,0.0,0.0,0.0,25.0,0.0,0.0,0.0,0.0,0.0,0.0,0.0,0.0,0.0,36.36363636363637,0.0,0.0,33.333333333333336,14.285714285714286,40.0,0.0,0.0,0.0,0.0,0.0,0.0
30,0.0,0.0,0.0,33.333333333333336,42.857142857142854,0.0,0.0,25.0,0.0,0.0,0.0,0.0,0.0,0.0,16.666666666666668,14.285714285714286,11.11111111111111,28.571428571428573,0.0,0.0,0.0,0.0,0.0,0.0,14.285714285714286,0.0,11.11111111111111,0.0,0.0,20.0,0.0,0.0,0.0,0.0,12.5,0.0,0.0,20.0,33.333333333333336,0.0,50.0,0.0,0.0,0.0,0.0,14.285714285714286,0.0,,14.285714285714286,0.0,0.0,0.0,0.0,0.0,0.0,0.0,0.0,0.0,0.0,25.0,42.857142857142854,0.0,0.0,0.0,0.0,0.0,0.0,0.0,0.0,0.0,0.0,12.5,0.0,25.0,0.0,16.666666666666668,14.285714285714286,0.0,0.0,0.0,0.0,0.0,0.0,0.0,0.0,0.0,25.0,0.0,0.0,0.0,0.0,0.0,0.0,42.857142857142854,0.0,0.0,0.0,7.142857142857143,0.0,0.0
31,0.0,12.5,0.0,0.0,33.333333333333336,12.5,16.666666666666668,16.666666666666668,0.0,0.0,0.0,0.0,11.11111111111111,14.285714285714286,0.0,0.0,16.666666666666668,0.0,0.0,16.666666666666668,0.0,0.0,0.0,0.0,0.0,0.0,0.0,16.666666666666668,0.0,0.0,0.0,100.0,0.0,0.0,0.0,0.0,0.0,0.0,0.0,0.0,0.0,0.0,0.0,0.0,0.0,0.0,0.0,25.0,0.0,25.0,0.0,0.0,0.0,0.0,0.0,0.0,0.0,0.0,0.0,14.285714285714286,11.11111111111111,0.0,14.285714285714286,,0.0,0.0,0.0,20.0,0.0,40.0,12.5,0.0,0.0,0.0,10.0,0.0,0.0,0.0,11.11111111111111,0.0,0.0,0.0,0.0,0.0,0.0,0.0,0.0,0.0,12.5,0.0,0.0,0.0,0.0,100.0,10.0,0.0,0.0,12.5,0.0,0.0
32,0.0,0.0,0.0,0.0,0.0,0.0,0.0,0.0,0.0,0.0,50.0,20.0,0.0,0.0,0.0,0.0,0.0,25.0,0.0,0.0,0.0,0.0,0.0,0.0,0.0,0.0,,0.0,0.0,0.0,0.0,0.0,0.0,0.0,0.0,0.0,14.285714285714286,0.0,0.0,0.0,0.0,0.0,0.0,0.0,0.0,0.0,0.0,25.0,0.0,,0.0,22.22222222222222,0.0,0.0,0.0,0.0,14.285714285714286,0.0,20.0,0.0,0.0,33.333333333333336,50.0,0.0,0.0,14.285714285714286,0.0,0.0,0.0,100.0,0.0,0.0,0.0,0.0,0.0,0.0,33.333333333333336,0.0,0.0,0.0,0.0,0.0,0.0,0.0,0.0,0.0,,0.0,,100.0,0.0,0.0,0.0,0.0,42.857142857142854,0.0,0.0,0.0,0.0,0.0
33,12.5,9.090909090909092,0.0,33.333333333333336,,33.333333333333336,0.0,0.0,0.0,16.666666666666668,0.0,0.0,0.0,0.0,16.666666666666668,0.0,0.0,0.0,0.0,0.0,0.0,,0.0,0.0,0.0,0.0,33.333333333333336,25.0,0.0,0.0,0.0,0.0,0.0,0.0,0.0,0.0,0.0,20.0,0.0,0.0,0.0,33.333333333333336,0.0,0.0,20.0,0.0,0.0,0.0,0.0,0.0,20.0,0.0,0.0,33.333333333333336,0.0,0.0,12.5,0.0,25.0,0.0,16.666666666666668,0.0,11.11111111111111,14.285714285714286,0.0,0.0,0.0,0.0,0.0,0.0,0.0,0.0,28.571428571428573,0.0,0.0,,0.0,14.285714285714286,0.0,12.5,0.0,0.0,14.285714285714286,0.0,0.0,0.0,0.0,0.0,0.0,0.0,0.0,0.0,0.0,0.0,0.0,0.0,0.0,10.0,,0.0
34,0.0,0.0,9.090909090909092,0.0,16.666666666666668,0.0,0.0,0.0,0.0,20.0,0.0,0.0,0.0,0.0,0.0,,0.0,0.0,0.0,0.0,0.0,0.0,14.285714285714286,,0.0,,0.0,0.0,0.0,20.0,0.0,0.0,0.0,0.0,11.11111111111111,0.0,25.0,100.0,0.0,0.0,20.0,0.0,0.0,0.0,0.0,0.0,20.0,0.0,0.0,0.0,33.333333333333336,14.285714285714286,0.0,0.0,,0.0,33.333333333333336,0.0,0.0,0.0,0.0,50.0,0.0,0.0,0.0,0.0,0.0,0.0,100.0,0.0,0.0,0.0,0.0,0.0,0.0,0.0,0.0,0.0,0.0,0.0,12.5,0.0,0.0,0.0,0.0,0.0,0.0,0.0,33.333333333333336,0.0,0.0,0.0,0.0,16.666666666666668,0.0,25.0,25.0,12.5,0.0,0.0
35,0.0,0.0,14.285714285714286,40.0,0.0,0.0,0.0,0.0,0.0,0.0,0.0,0.0,0.0,0.0,12.5,0.0,20.0,0.0,50.0,0.0,0.0,0.0,0.0,25.0,0.0,0.0,18.181818181818183,0.0,0.0,16.666666666666668,12.5,,0.0,20.0,0.0,0.0,0.0,0.0,0.0,,0.0,14.285714285714286,0.0,0.0,0.0,0.0,0.0,0.0,0.0,0.0,0.0,0.0,16.666666666666668,,50.0,25.0,0.0,0.0,0.0,0.0,0.0,0.0,0.0,0.0,0.0,0.0,20.0,28.571428571428573,0.0,0.0,14.285714285714286,0.0,0.0,0.0,0.0,0.0,0.0,0.0,0.0,0.0,0.0,0.0,0.0,0.0,0.0,0.0,0.0,0.0,0.0,0.0,33.333333333333336,0.0,0.0,0.0,0.0,0.0,0.0,0.0,0.0,10.0
36,0.0,7.6923076923076925,0.0,0.0,0.0,0.0,0.0,0.0,0.0,14.285714285714286,0.0,0.0,20.0,0.0,33.333333333333336,0.0,0.0,0.0,11.11111111111111,0.0,0.0,33.333333333333336,0.0,0.0,0.0,0.0,0.0,0.0,0.0,0.0,0.0,0.0,0.0,0.0,14.285714285714286,0.0,0.0,0.0,0.0,0.0,25.0,0.0,0.0,0.0,0.0,0.0,0.0,14.285714285714286,0.0,25.0,14.285714285714286,0.0,22.22222222222222,0.0,0.0,0.0,0.0,0.0,50.0,0.0,25.0,0.0,0.0,0.0,0.0,0.0,9.090909090909092,0.0,0.0,0.0,0.0,0.0,0.0,0.0,0.0,8.333333333333334,0.0,0.0,0.0,33.333333333333336,0.0,0.0,0.0,0.0,12.5,25.0,0.0,0.0,0.0,0.0,0.0,0.0,0.0,0.0,0.0,0.0,0.0,0.0,0.0,100.0
37,0.0,0.0,0.0,0.0,0.0,0.0,0.0,0.0,0.0,0.0,0.0,0.0,0.0,0.0,0.0,0.0,0.0,0.0,20.0,,20.0,12.5,11.11111111111111,0.0,0.0,20.0,0.0,0.0,0.0,0.0,0.0,0.0,0.0,0.0,0.0,14.285714285714286,0.0,0.0,0.0,0.0,0.0,0.0,0.0,0.0,0.0,0.0,9.090909090909092,0.0,0.0,11.11111111111111,11.11111111111111,0.0,0.0,0.0,0.0,0.0,0.0,0.0,0.0,0.0,0.0,28.571428571428573,0.0,0.0,16.666666666666668,11.11111111111111,0.0,,0.0,0.0,0.0,0.0,0.0,14.285714285714286,0.0,0.0,0.0,20.0,0.0,0.0,0.0,0.0,0.0,20.0,0.0,0.0,0.0,0.0,10.0,0.0,0.0,0.0,25.0,0.0,8.333333333333334,0.0,0.0,0.0,14.285714285714286,0.0
38,0.0,0.0,0.0,0.0,0.0,25.0,0.0,0.0,0.0,0.0,0.0,0.0,0.0,0.0,0.0,0.0,0.0,0.0,0.0,0.0,0.0,50.0,0.0,16.666666666666668,28.571428571428573,0.0,,0.0,,0.0,0.0,0.0,0.0,0.0,0.0,28.571428571428573,0.0,0.0,,12.5,0.0,0.0,0.0,0.0,0.0,0.0,,0.0,33.333333333333336,12.5,0.0,0.0,0.0,0.0,0.0,0.0,0.0,0.0,0.0,14.285714285714286,0.0,0.0,0.0,42.857142857142854,25.0,0.0,0.0,0.0,16.666666666666668,0.0,0.0,0.0,0.0,16.666666666666668,16.666666666666668,0.0,0.0,0.0,0.0,16.666666666666668,0.0,0.0,0.0,28.571428571428573,0.0,0.0,0.0,0.0,0.0,0.0,0.0,0.0,0.0,0.0,0.0,0.0,0.0,16.666666666666668,0.0,14.285714285714286
39,0.0,0.0,0.0,12.5,14.285714285714286,0.0,,0.0,0.0,11.11111111111111,0.0,0.0,0.0,0.0,14.285714285714286,,0.0,20.0,0.0,20.0,0.0,0.0,28.571428571428573,20.0,0.0,0.0,0.0,0.0,0.0,14.285714285714286,0.0,0.0,0.0,50.0,12.5,,100.0,10.0,0.0,,0.0,0.0,25.0,0.0,0.0,0.0,0.0,20.0,0.0,0.0,0.0,8.333333333333334,0.0,50.0,0.0,0.0,0.0,0.0,0.0,0.0,0.0,12.5,0.0,0.0,0.0,0.0,0.0,,12.5,0.0,0.0,0.0,20.0,0.0,28.571428571428573,0.0,20.0,0.0,0.0,0.0,0.0,0.0,0.0,0.0,0.0,0.0,0.0,12.5,20.0,0.0,0.0,,0.0,0.0,0.0,0.0,0.0,0.0,0.0,0.0
40,14.285714285714286,0.0,0.0,50.0,,0.0,0.0,12.5,0.0,0.0,0.0,0.0,25.0,0.0,0.0,0.0,0.0,0.0,0.0,12.5,0.0,0.0,0.0,0.0,20.0,25.0,0.0,0.0,0.0,0.0,0.0,0.0,20.0,0.0,0.0,0.0,0.0,0.0,16.666666666666668,0.0,0.0,0.0,12.5,0.0,0.0,0.0,0.0,0.0,0.0,28.571428571428573,0.0,11.11111111111111,0.0,0.0,0.0,0.0,20.0,14.285714285714286,0.0,0.0,0.0,0.0,0.0,0.0,0.0,20.0,0.0,16.666666666666668,11.11111111111111,0.0,,0.0,0.0,0.0,40.0,0.0,0.0,0.0,0.0,0.0,0.0,0.0,0.0,0.0,0.0,0.0,0.0,0.0,0.0,0.0,14.285714285714286,,0.0,0.0,11.11111111111111,0.0,0.0,0.0,0.0,0.0
41,0.0,0.0,0.0,0.0,0.0,0.0,0.0,0.0,0.0,20.0,0.0,0.0,42.857142857142854,0.0,0.0,0.0,14.285714285714286,0.0,0.0,0.0,0.0,0.0,16.666666666666668,12.5,0.0,28.571428571428573,20.0,0.0,0.0,0.0,0.0,0.0,0.0,12.5,0.0,0.0,0.0,0.0,0.0,0.0,0.0,0.0,25.0,12.5,0.0,0.0,0.0,,0.0,0.0,0.0,22.22222222222222,0.0,25.0,0.0,0.0,0.0,0.0,0.0,0.0,0.0,0.0,0.0,0.0,0.0,0.0,0.0,,0.0,50.0,0.0,0.0,0.0,0.0,0.0,0.0,50.0,0.0,0.0,0.0,0.0,0.0,33.333333333333336,22.22222222222222,14.285714285714286,0.0,11.11111111111111,0.0,0.0,14.285714285714286,20.0,0.0,0.0,0.0,0.0,0.0,0.0,0.0,0.0,0.0
42,0.0,0.0,11.11111111111111,0.0,0.0,20.0,0.0,0.0,0.0,0.0,0.0,0.0,7.6923076923076925,0.0,0.0,0.0,25.0,0.0,14.285714285714286,0.0,0.0,0.0,0.0,0.0,0.0,0.0,14.285714285714286,0.0,20.0,0.0,0.0,0.0,0.0,0.0,0.0,14.285714285714286,0.0,0.0,0.0,0.0,0.0,0.0,0.0,0.0,33.333333333333336,0.0,0.0,0.0,0.0,0.0,0.0,0.0,0.0,14.285714285714286,20.0,0.0,0.0,,25.0,0.0,12.5,0.0,0.0,0.0,,0.0,0.0,0.0,0.0,50.0,28.571428571428573,0.0,0.0,0.0,0.0,0.0,0.0,0.0,0.0,0.0,60.0,16.666666666666668,0.0,0.0,28.571428571428573,0.0,0.0,11.11111111111111,20.0,0.0,11.11111111111111,,16.666666666666668,0.0,0.0,14.285714285714286,0.0,,0.0,0.0
43,28.571428571428573,0.0,0.0,0.0,0.0,0.0,0.0,25.0,66.66666666666667,0.0,0.0,30.0,0.0,,0.0,0.0,0.0,0.0,0.0,0.0,0.0,0.0,50.0,14.285714285714286,25.0,20.0,0.0,0.0,0.0,20.0,12.5,0.0,,9.090909090909092,0.0,0.0,0.0,10.0,0.0,0.0,0.0,0.0,25.0,0.0,0.0,0.0,,0.0,0.0,0.0,0.0,0.0,12.5,0.0,14.285714285714286,14.285714285714286,14.285714285714286,0.0,0.0,0.0,0.0,28.571428571428573,0.0,0.0,14.285714285714286,0.0,25.0,0.0,16.666666666666668,0.0,0.0,0.0,33.333333333333336,0.0,0.0,0.0,20.0,16.666666666666668,0.0,0.0,14.285714285714286,16.666666666666668,0.0,0.0,40.0,0.0,0.0,0.0,0.0,0.0,0.0,0.0,0.0,0.0,0.0,0.0,0.0,0.0,0.0,0.0
44,0.0,33.333333333333336,0.0,0.0,0.0,0.0,0.0,0.0,16.666666666666668,0.0,0.0,0.0,20.0,0.0,10.0,,0.0,0.0,0.0,16.666666666666668,0.0,0.0,12.5,100.0,0.0,8.333333333333334,0.0,,0.0,0.0,0.0,0.0,0.0,0.0,0.0,0.0,,0.0,,0.0,0.0,25.0,0.0,0.0,25.0,0.0,0.0,0.0,14.285714285714286,0.0,40.0,0.0,0.0,0.0,20.0,0.0,0.0,0.0,0.0,0.0,0.0,0.0,0.0,0.0,0.0,0.0,0.0,0.0,0.0,0.0,0.0,0.0,14.285714285714286,0.0,0.0,0.0,0.0,0.0,,14.285714285714286,0.0,0.0,0.0,16.666666666666668,,0.0,0.0,0.0,0.0,0.0,0.0,0.0,0.0,0.0,0.0,0.0,0.0,0.0,0.0,20.0
45,0.0,0.0,0.0,0.0,0.0,0.0,0.0,12.5,0.0,0.0,0.0,0.0,0.0,0.0,0.0,,40.0,0.0,0.0,40.0,0.0,0.0,0.0,33.333333333333336,0.0,25.0,0.0,0.0,0.0,0.0,0.0,0.0,0.0,0.0,0.0,10.0,0.0,0.0,0.0,0.0,16.666666666666668,0.0,0.0,25.0,0.0,0.0,0.0,16.666666666666668,0.0,0.0,0.0,33.333333333333336,0.0,0.0,0.0,0.0,12.5,0.0,0.0,0.0,0.0,11.11111111111111,25.0,14.285714285714286,0.0,0.0,0.0,0.0,0.0,16.666666666666668,25.0,0.0,0.0,20.0,0.0,0.0,0.0,0.0,0.0,0.0,0.0,0.0,0.0,33.333333333333336,25.0,0.0,0.0,14.285714285714286,0.0,33.333333333333336,0.0,0.0,0.0,0.0,0.0,0.0,0.0,0.0,33.333333333333336,0.0
46,0.0,0.0,0.0,0.0,0.0,0.0,0.0,12.5,0.0,0.0,0.0,0.0,0.0,0.0,0.0,0.0,0.0,0.0,0.0,0.0,0.0,0.0,0.0,,0.0,0.0,,0.0,14.285714285714286,0.0,0.0,0.0,0.0,0.0,0.0,0.0,0.0,0.0,0.0,0.0,0.0,0.0,14.285714285714286,0.0,0.0,0.0,0.0,0.0,22.22222222222222,25.0,0.0,0.0,0.0,25.0,0.0,0.0,0.0,0.0,0.0,25.0,0.0,0.0,0.0,0.0,0.0,0.0,12.5,0.0,14.285714285714286,66.66666666666667,0.0,0.0,0.0,0.0,0.0,0.0,0.0,0.0,0.0,0.0,0.0,0.0,0.0,,0.0,0.0,0.0,0.0,57.142857142857146,0.0,0.0,0.0,0.0,0.0,10.0,0.0,0.0,0.0,25.0,100.0
47,0.0,0.0,11.11111111111111,11.11111111111111,20.0,0.0,,0.0,11.11111111111111,0.0,0.0,0.0,100.0,20.0,0.0,12.5,0.0,0.0,0.0,0.0,0.0,0.0,0.0,0.0,0.0,0.0,40.0,0.0,0.0,12.5,0.0,0.0,0.0,12.5,0.0,0.0,0.0,0.0,0.0,0.0,0.0,0.0,0.0,0.0,11.11111111111111,0.0,0.0,0.0,0.0,0.0,33.333333333333336,0.0,0.0,0.0,0.0,0.0,0.0,0.0,0.0,0.0,0.0,0.0,0.0,0.0,0.0,0.0,0.0,0.0,0.0,0.0,0.0,0.0,0.0,0.0,0.0,0.0,0.0,0.0,0.0,0.0,0.0,0.0,0.0,0.0,16.666666666666668,12.5,,0.0,0.0,0.0,0.0,0.0,0.0,0.0,0.0,0.0,0.0,0.0,11.11111111111111,0.0
48,20.0,,0.0,0.0,0.0,0.0,0.0,0.0,0.0,0.0,0.0,12.5,0.0,0.0,0.0,0.0,0.0,0.0,0.0,0.0,0.0,0.0,0.0,0.0,0.0,20.0,0.0,0.0,0.0,0.0,0.0,0.0,0.0,12.5,0.0,,0.0,0.0,0.0,0.0,0.0,16.666666666666668,0.0,0.0,0.0,0.0,0.0,11.11111111111111,0.0,,0.0,0.0,0.0,0.0,0.0,33.333333333333336,,,16.666666666666668,0.0,0.0,0.0,0.0,0.0,0.0,0.0,20.0,,0.0,0.0,0.0,16.666666666666668,0.0,20.0,22.22222222222222,0.0,0.0,25.0,0.0,0.0,0.0,0.0,0.0,12.5,0.0,0.0,,20.0,0.0,0.0,0.0,0.0,0.0,0.0,33.333333333333336,0.0,0.0,0.0,0.0,20.0
49,0.0,,0.0,0.0,0.0,36.36363636363637,,0.0,0.0,0.0,0.0,16.666666666666668,0.0,0.0,0.0,,0.0,0.0,0.0,0.0,0.0,14.285714285714286,0.0,0.0,25.0,0.0,0.0,0.0,0.0,11.11111111111111,0.0,0.0,0.0,0.0,0.0,0.0,0.0,20.0,0.0,0.0,0.0,0.0,0.0,0.0,0.0,0.0,0.0,0.0,0.0,0.0,0.0,0.0,16.666666666666668,50.0,0.0,0.0,0.0,0.0,0.0,0.0,0.0,,0.0,,0.0,14.285714285714286,0.0,0.0,0.0,0.0,0.0,0.0,14.285714285714286,0.0,0.0,,0.0,0.0,12.5,0.0,0.0,0.0,0.0,0.0,50.0,12.5,0.0,0.0,0.0,0.0,0.0,12.5,0.0,0.0,16.666666666666668,16.666666666666668,0.0,0.0,0.0,0.0
50,16.666666666666668,0.0,0.0,28.571428571428573,0.0,0.0,0.0,16.666666666666668,0.0,0.0,0.0,0.0,25.0,0.0,0.0,25.0,0.0,28.571428571428573,0.0,16.666666666666668,0.0,0.0,0.0,0.0,0.0,0.0,0.0,0.0,0.0,0.0,0.0,0.0,0.0,0.0,0.0,0.0,37.5,0.0,0.0,0.0,40.0,0.0,0.0,0.0,40.0,0.0,0.0,0.0,0.0,0.0,0.0,12.5,0.0,0.0,0.0,0.0,33.333333333333336,0.0,0.0,12.5,0.0,14.285714285714286,0.0,0.0,0.0,0.0,0.0,0.0,,33.333333333333336,0.0,0.0,0.0,12.5,50.0,0.0,,0.0,0.0,16.666666666666668,0.0,0.0,0.0,0.0,0.0,0.0,0.0,14.285714285714286,,0.0,0.0,0.0,0.0,0.0,0.0,0.0,0.0,12.5,0.0,0.0
51,12.5,0.0,0.0,0.0,,0.0,16.666666666666668,,0.0,0.0,14.285714285714286,20.0,0.0,0.0,0.0,0.0,20.0,0.0,,33.333333333333336,0.0,0.0,0.0,0.0,0.0,0.0,0.0,0.0,0.0,0.0,0.0,0.0,0.0,20.0,0.0,0.0,,0.0,0.0,0.0,25.0,0.0,12.5,0.0,0.0,0.0,0.0,0.0,12.5,0.0,33.333333333333336,14.285714285714286,0.0,11.11111111111111,0.0,0.0,0.0,0.0,0.0,0.0,12.5,9.090909090909092,0.0,0.0,0.0,0.0,0.0,0.0,12.5,0.0,0.0,0.0,0.0,0.0,0.0,0.0,,0.0,12.5,,0.0,0.0,0.0,0.0,0.0,,0.0,0.0,12.5,0.0,16.666666666666668,0.0,0.0,20.0,12.5,0.0,0.0,0.0,14.285714285714286,0.0
52,0.0,0.0,0.0,12.5,0.0,0.0,0.0,0.0,14.285714285714286,0.0,0.0,12.5,0.0,0.0,0.0,,0.0,0.0,0.0,0.0,0.0,25.0,,42.857142857142854,0.0,0.0,0.0,,0.0,0.0,0.0,0.0,0.0,0.0,12.5,0.0,,0.0,0.0,0.0,0.0,0.0,0.0,28.571428571428573,0.0,40.0,0.0,14.285714285714286,0.0,10.0,0.0,0.0,14.285714285714286,0.0,0.0,20.0,0.0,0.0,12.5,0.0,50.0,0.0,0.0,0.0,0.0,,,14.285714285714286,0.0,0.0,0.0,0.0,0.0,0.0,0.0,0.0,,0.0,0.0,0.0,66.66666666666667,0.0,0.0,25.0,25.0,0.0,50.0,14.285714285714286,0.0,0.0,0.0,0.0,12.5,0.0,0.0,0.0,0.0,0.0,0.0,0.0
53,0.0,0.0,0.0,16.666666666666668,0.0,0.0,0.0,0.0,0.0,0.0,0.0,0.0,0.0,0.0,0.0,0.0,0.0,0.0,12.5,0.0,12.5,0.0,0.0,0.0,0.0,0.0,0.0,10.0,0.0,20.0,14.285714285714286,0.0,16.666666666666668,25.0,0.0,0.0,0.0,0.0,50.0,0.0,50.0,0.0,0.0,0.0,0.0,0.0,0.0,25.0,50.0,0.0,0.0,14.285714285714286,,0.0,14.285714285714286,20.0,14.285714285714286,11.11111111111111,0.0,0.0,0.0,0.0,16.666666666666668,0.0,0.0,0.0,0.0,0.0,16.666666666666668,0.0,20.0,0.0,0.0,0.0,12.5,0.0,0.0,0.0,14.285714285714286,0.0,0.0,0.0,11.11111111111111,14.285714285714286,0.0,0.0,0.0,16.666666666666668,0.0,0.0,0.0,0.0,0.0,0.0,14.285714285714286,0.0,0.0,0.0,22.22222222222222,0.0
54,25.0,0.0,40.0,22.22222222222222,100.0,16.666666666666668,0.0,0.0,0.0,16.666666666666668,0.0,12.5,,0.0,0.0,20.0,0.0,0.0,0.0,0.0,0.0,0.0,20.0,0.0,12.5,16.666666666666668,12.5,0.0,0.0,0.0,0.0,0.0,0.0,0.0,0.0,0.0,0.0,0.0,0.0,0.0,0.0,0.0,25.0,0.0,0.0,0.0,16.666666666666668,50.0,0.0,0.0,0.0,33.333333333333336,0.0,0.0,12.5,0.0,40.0,0.0,0.0,0.0,0.0,25.0,0.0,0.0,33.333333333333336,25.0,0.0,0.0,0.0,0.0,,50.0,0.0,0.0,16.666666666666668,0.0,0.0,0.0,0.0,11.11111111111111,0.0,0.0,0.0,,0.0,16.666666666666668,33.333333333333336,0.0,0.0,42.857142857142854,0.0,0.0,20.0,11.11111111111111,0.0,0.0,0.0,0.0,0.0,0.0
55,0.0,0.0,0.0,0.0,0.0,0.0,0.0,0.0,0.0,0.0,14.285714285714286,0.0,,0.0,0.0,0.0,20.0,0.0,0.0,0.0,0.0,0.0,0.0,0.0,0.0,0.0,0.0,0.0,0.0,0.0,,0.0,0.0,0.0,0.0,25.0,10.0,,0.0,0.0,0.0,0.0,0.0,0.0,0.0,0.0,0.0,0.0,0.0,0.0,0.0,,0.0,0.0,0.0,0.0,0.0,0.0,0.0,0.0,0.0,40.0,16.666666666666668,16.666666666666668,0.0,0.0,0.0,0.0,14.285714285714286,0.0,,14.285714285714286,0.0,25.0,0.0,0.0,0.0,0.0,0.0,0.0,0.0,0.0,,0.0,0.0,,0.0,0.0,0.0,0.0,0.0,0.0,0.0,0.0,11.11111111111111,0.0,0.0,0.0,11.11111111111111,0.0
56,,0.0,0.0,33.333333333333336,0.0,0.0,0.0,12.5,80.0,0.0,0.0,20.0,0.0,0.0,0.0,0.0,0.0,0.0,50.0,0.0,50.0,14.285714285714286,0.0,0.0,0.0,0.0,0.0,100.0,0.0,0.0,0.0,0.0,0.0,20.0,0.0,0.0,0.0,0.0,,0.0,0.0,0.0,0.0,0.0,0.0,0.0,0.0,0.0,0.0,0.0,20.0,0.0,0.0,0.0,20.0,33.333333333333336,0.0,20.0,,14.285714285714286,14.285714285714286,0.0,0.0,33.333333333333336,33.333333333333336,33.333333333333336,0.0,0.0,0.0,0.0,0.0,0.0,0.0,0.0,0.0,0.0,,0.0,0.0,25.0,33.333333333333336,0.0,0.0,0.0,33.333333333333336,0.0,0.0,0.0,0.0,,0.0,0.0,0.0,0.0,0.0,40.0,0.0,0.0,0.0,0.0
57,0.0,14.285714285714286,0.0,14.285714285714286,0.0,36.36363636363637,50.0,,14.285714285714286,0.0,0.0,0.0,,12.5,0.0,0.0,0.0,0.0,16.666666666666668,0.0,0.0,0.0,20.0,0.0,0.0,0.0,0.0,0.0,0.0,0.0,0.0,50.0,,33.333333333333336,0.0,0.0,0.0,,0.0,0.0,0.0,0.0,0.0,0.0,0.0,14.285714285714286,0.0,0.0,0.0,0.0,14.285714285714286,0.0,16.666666666666668,0.0,0.0,0.0,0.0,0.0,0.0,0.0,0.0,0.0,0.0,0.0,25.0,0.0,0.0,11.11111111111111,0.0,0.0,0.0,0.0,50.0,0.0,0.0,12.5,0.0,0.0,,0.0,20.0,28.571428571428573,0.0,0.0,25.0,0.0,0.0,0.0,0.0,0.0,20.0,0.0,0.0,20.0,0.0,0.0,0.0,0.0,0.0,0.0
58,,0.0,0.0,11.11111111111111,0.0,25.0,50.0,0.0,0.0,14.285714285714286,0.0,0.0,33.333333333333336,0.0,16.666666666666668,0.0,0.0,66.66666666666667,0.0,0.0,0.0,12.5,0.0,0.0,0.0,0.0,0.0,0.0,0.0,14.285714285714286,0.0,0.0,0.0,0.0,,16.666666666666668,0.0,25.0,0.0,10.0,0.0,0.0,0.0,0.0,0.0,0.0,0.0,100.0,,0.0,0.0,28.571428571428573,0.0,0.0,11.11111111111111,16.666666666666668,0.0,0.0,50.0,0.0,0.0,0.0,0.0,0.0,0.0,0.0,0.0,0.0,0.0,0.0,0.0,0.0,0.0,0.0,0.0,0.0,16.666666666666668,0.0,0.0,0.0,0.0,0.0,,,0.0,0.0,0.0,0.0,0.0,25.0,0.0,0.0,0.0,60.0,,0.0,0.0,0.0,14.285714285714286,0.0
59,22.22222222222222,20.0,20.0,100.0,0.0,0.0,20.0,0.0,0.0,0.0,0.0,0.0,0.0,0.0,12.5,0.0,0.0,0.0,0.0,0.0,0.0,25.0,0.0,0.0,40.0,0.0,,0.0,0.0,0.0,14.285714285714286,0.0,0.0,0.0,0.0,0.0,0.0,10.0,0.0,0.0,0.0,0.0,,0.0,0.0,0.0,12.5,0.0,0.0,0.0,0.0,0.0,0.0,0.0,0.0,14.285714285714286,0.0,0.0,16.666666666666668,16.666666666666668,0.0,0.0,11.11111111111111,0.0,25.0,33.333333333333336,0.0,0.0,0.0,0.0,0.0,0.0,11.11111111111111,0.0,0.0,0.0,0.0,42.857142857142854,0.0,11.11111111111111,0.0,0.0,12.5,0.0,0.0,0.0,0.0,50.0,0.0,0.0,28.571428571428573,0.0,0.0,12.5,,0.0,0.0,14.285714285714286,50.0,
60,0.0,0.0,0.0,0.0,0.0,0.0,0.0,0.0,16.666666666666668,0.0,0.0,0.0,7.6923076923076925,0.0,28.571428571428573,0.0,25.0,0.0,0.0,0.0,25.0,0.0,0.0,0.0,0.0,0.0,0.0,20.0,0.0,12.5,0.0,0.0,33.333333333333336,0.0,0.0,0.0,0.0,,0.0,28.571428571428573,0.0,0.0,20.0,0.0,0.0,0.0,0.0,0.0,0.0,40.0,0.0,0.0,0.0,0.0,0.0,0.0,0.0,0.0,0.0,0.0,12.5,50.0,0.0,0.0,0.0,0.0,0.0,0.0,0.0,0.0,0.0,0.0,0.0,22.22222222222222,0.0,0.0,0.0,,50.0,0.0,0.0,,0.0,0.0,0.0,0.0,0.0,16.666666666666668,0.0,0.0,,0.0,0.0,0.0,0.0,0.0,0.0,14.285714285714286,0.0,0.0
61,0.0,0.0,0.0,0.0,,,0.0,40.0,9.090909090909092,0.0,0.0,20.0,20.0,0.0,12.5,0.0,12.5,0.0,9.090909090909092,0.0,0.0,0.0,0.0,0.0,0.0,14.285714285714286,0.0,0.0,0.0,0.0,0.0,0.0,,0.0,0.0,0.0,0.0,0.0,25.0,0.0,0.0,0.0,16.666666666666668,0.0,0.0,,0.0,9.090909090909092,,10.0,0.0,20.0,0.0,33.333333333333336,0.0,0.0,0.0,,0.0,0.0,0.0,0.0,0.0,0.0,0.0,0.0,0.0,0.0,0.0,0.0,,0.0,,,0.0,0.0,0.0,0.0,0.0,0.0,0.0,0.0,,0.0,0.0,22.22222222222222,0.0,0.0,,0.0,0.0,0.0,0.0,0.0,0.0,16.666666666666668,,0.0,14.285714285714286,0.0
62,0.0,0.0,0.0,,0.0,0.0,0.0,0.0,0.0,0.0,0.0,25.0,0.0,0.0,0.0,0.0,16.666666666666668,0.0,0.0,0.0,0.0,0.0,0.0,12.5,0.0,12.5,0.0,0.0,0.0,0.0,14.285714285714286,0.0,25.0,0.0,0.0,0.0,0.0,0.0,12.5,0.0,0.0,0.0,0.0,0.0,0.0,,0.0,0.0,0.0,0.0,0.0,25.0,0.0,0.0,0.0,0.0,20.0,0.0,0.0,,0.0,0.0,0.0,14.285714285714286,0.0,0.0,0.0,0.0,0.0,0.0,0.0,0.0,12.5,0.0,0.0,0.0,0.0,20.0,0.0,0.0,33.333333333333336,25.0,0.0,16.666666666666668,40.0,25.0,,0.0,0.0,0.0,0.0,0.0,0.0,0.0,0.0,0.0,0.0,0.0,0.0,0.0
63,0.0,0.0,0.0,0.0,0.0,0.0,12.5,0.0,25.0,0.0,0.0,0.0,0.0,0.0,0.0,0.0,0.0,0.0,11.11111111111111,0.0,0.0,0.0,0.0,0.0,16.666666666666668,0.0,0.0,0.0,0.0,0.0,16.666666666666668,0.0,0.0,0.0,0.0,0.0,16.666666666666668,37.5,0.0,0.0,11.11111111111111,33.333333333333336,0.0,0.0,0.0,33.333333333333336,0.0,0.0,0.0,0.0,0.0,0.0,66.66666666666667,0.0,0.0,0.0,0.0,0.0,0.0,0.0,0.0,0.0,0.0,0.0,11.11111111111111,0.0,,22.22222222222222,25.0,0.0,0.0,0.0,0.0,,0.0,0.0,0.0,0.0,0.0,0.0,0.0,40.0,0.0,,0.0,0.0,,14.285714285714286,0.0,0.0,0.0,0.0,0.0,42.857142857142854,0.0,0.0,0.0,0.0,0.0,0.0
64,20.0,0.0,0.0,0.0,0.0,0.0,0.0,0.0,0.0,0.0,0.0,0.0,0.0,20.0,0.0,0.0,0.0,0.0,,,0.0,0.0,0.0,0.0,0.0,0.0,12.5,0.0,0.0,0.0,0.0,20.0,0.0,0.0,11.11111111111111,0.0,0.0,0.0,0.0,16.666666666666668,0.0,0.0,0.0,0.0,0.0,0.0,0.0,10.0,0.0,33.333333333333336,25.0,0.0,0.0,0.0,0.0,0.0,0.0,,0.0,0.0,,0.0,0.0,0.0,0.0,0.0,,0.0,16.666666666666668,10.0,0.0,0.0,0.0,0.0,0.0,0.0,20.0,0.0,0.0,0.0,0.0,25.0,40.0,0.0,0.0,0.0,0.0,20.0,0.0,0.0,0.0,0.0,0.0,0.0,,0.0,0.0,0.0,0.0,0.0
65,0.0,0.0,0.0,0.0,10.0,14.285714285714286,0.0,0.0,0.0,,0.0,0.0,,0.0,0.0,0.0,33.333333333333336,0.0,0.0,0.0,0.0,0.0,0.0,0.0,0.0,20.0,0.0,0.0,0.0,0.0,11.11111111111111,100.0,0.0,11.11111111111111,0.0,0.0,0.0,,20.0,0.0,0.0,0.0,0.0,0.0,0.0,0.0,28.571428571428573,0.0,16.666666666666668,0.0,0.0,0.0,0.0,0.0,0.0,0.0,33.333333333333336,0.0,0.0,0.0,0.0,0.0,0.0,0.0,0.0,0.0,0.0,0.0,0.0,0.0,0.0,28.571428571428573,0.0,0.0,0.0,0.0,0.0,0.0,0.0,0.0,0.0,0.0,25.0,0.0,0.0,0.0,0.0,0.0,28.571428571428573,0.0,0.0,25.0,0.0,0.0,25.0,12.5,,0.0,,0.0
66,0.0,12.5,0.0,0.0,0.0,100.0,20.0,0.0,0.0,10.0,20.0,0.0,0.0,0.0,0.0,12.5,0.0,,,0.0,0.0,0.0,0.0,0.0,0.0,0.0,14.285714285714286,0.0,25.0,0.0,,0.0,,14.285714285714286,0.0,14.285714285714286,0.0,0.0,33.333333333333336,0.0,0.0,,33.333333333333336,0.0,0.0,,0.0,0.0,0.0,16.666666666666668,0.0,0.0,0.0,0.0,16.666666666666668,16.666666666666668,0.0,0.0,0.0,0.0,0.0,0.0,0.0,0.0,,0.0,0.0,0.0,16.666666666666668,,0.0,20.0,0.0,33.333333333333336,0.0,0.0,0.0,0.0,0.0,0.0,,0.0,33.333333333333336,0.0,0.0,0.0,0.0,0.0,33.333333333333336,0.0,0.0,0.0,0.0,10.0,0.0,0.0,12.5,0.0,0.0,0.0
67,16.666666666666668,11.11111111111111,33.333333333333336,0.0,0.0,,0.0,0.0,0.0,0.0,0.0,0.0,20.0,14.285714285714286,0.0,0.0,11.11111111111111,0.0,,0.0,14.285714285714286,0.0,0.0,16.666666666666668,0.0,0.0,0.0,0.0,14.285714285714286,0.0,0.0,0.0,0.0,0.0,0.0,0.0,0.0,0.0,66.66666666666667,9.090909090909092,0.0,0.0,0.0,40.0,0.0,0.0,0.0,0.0,0.0,0.0,0.0,,0.0,0.0,0.0,14.285714285714286,0.0,40.0,0.0,14.285714285714286,25.0,100.0,0.0,37.5,,0.0,10.0,0.0,0.0,0.0,0.0,14.285714285714286,33.333333333333336,0.0,0.0,0.0,0.0,0.0,0.0,10.0,25.0,10.0,0.0,0.0,40.0,0.0,0.0,0.0,0.0,0.0,0.0,0.0,,14.285714285714286,0.0,20.0,20.0,0.0,16.666666666666668,0.0
68,0.0,0.0,0.0,0.0,0.0,0.0,0.0,0.0,0.0,0.0,0.0,14.285714285714286,,20.0,0.0,0.0,0.0,50.0,0.0,0.0,,0.0,25.0,0.0,0.0,0.0,0.0,0.0,0.0,0.0,33.333333333333336,,0.0,0.0,0.0,0.0,25.0,0.0,25.0,0.0,0.0,0.0,0.0,0.0,0.0,0.0,0.0,,20.0,0.0,0.0,0.0,0.0,16.666666666666668,0.0,0.0,50.0,0.0,0.0,14.285714285714286,0.0,0.0,0.0,0.0,0.0,0.0,0.0,0.0,0.0,,14.285714285714286,0.0,0.0,0.0,0.0,25.0,0.0,0.0,0.0,0.0,0.0,12.5,0.0,0.0,0.0,0.0,0.0,0.0,0.0,0.0,0.0,0.0,0.0,0.0,0.0,0.0,0.0,0.0,0.0,0.0
69,0.0,0.0,25.0,0.0,0.0,0.0,0.0,0.0,25.0,0.0,0.0,0.0,0.0,12.5,0.0,0.0,0.0,0.0,25.0,0.0,0.0,0.0,0.0,0.0,0.0,0.0,0.0,,0.0,14.285714285714286,0.0,0.0,0.0,0.0,18.181818181818183,0.0,0.0,12.5,0.0,0.0,0.0,0.0,0.0,0.0,0.0,0.0,0.0,0.0,0.0,0.0,0.0,0.0,0.0,0.0,0.0,0.0,50.0,0.0,0.0,0.0,0.0,0.0,0.0,0.0,0.0,0.0,,0.0,0.0,0.0,0.0,0.0,0.0,0.0,50.0,,20.0,0.0,12.5,10.0,0.0,0.0,0.0,,0.0,0.0,0.0,0.0,0.0,0.0,0.0,0.0,0.0,0.0,0.0,0.0,0.0,0.0,0.0,0.0
70,0.0,0.0,0.0,,0.0,0.0,50.0,0.0,0.0,0.0,0.0,0.0,0.0,0.0,0.0,25.0,0.0,0.0,0.0,0.0,0.0,0.0,0.0,0.0,0.0,0.0,,0.0,33.333333333333336,11.11111111111111,0.0,0.0,11.11111111111111,0.0,0.0,0.0,0.0,0.0,0.0,0.0,0.0,0.0,0.0,0.0,0.0,0.0,0.0,0.0,0.0,0.0,0.0,0.0,0.0,0.0,0.0,0.0,0.0,,0.0,0.0,0.0,0.0,0.0,0.0,12.5,0.0,0.0,,33.333333333333336,0.0,0.0,0.0,0.0,0.0,0.0,33.333333333333336,0.0,0.0,0.0,0.0,66.66666666666667,0.0,0.0,0.0,33.333333333333336,0.0,0.0,0.0,0.0,0.0,0.0,0.0,0.0,0.0,100.0,12.5,0.0,16.666666666666668,0.0,0.0
71,0.0,50.0,11.11111111111111,40.0,0.0,0.0,0.0,0.0,28.571428571428573,0.0,0.0,0.0,0.0,16.666666666666668,0.0,0.0,0.0,0.0,0.0,0.0,0.0,0.0,0.0,0.0,0.0,0.0,0.0,0.0,0.0,16.666666666666668,0.0,0.0,0.0,0.0,0.0,0.0,0.0,14.285714285714286,0.0,0.0,0.0,0.0,0.0,16.666666666666668,0.0,16.666666666666668,50.0,0.0,0.0,0.0,0.0,20.0,14.285714285714286,0.0,14.285714285714286,0.0,0.0,0.0,0.0,0.0,0.0,0.0,14.285714285714286,25.0,0.0,0.0,0.0,0.0,0.0,0.0,0.0,0.0,10.0,20.0,0.0,0.0,25.0,33.333333333333336,0.0,0.0,25.0,16.666666666666668,12.5,,0.0,,11.11111111111111,0.0,0.0,0.0,0.0,0.0,0.0,0.0,0.0,0.0,28.571428571428573,0.0,0.0,0.0
72,0.0,0.0,0.0,0.0,0.0,14.285714285714286,0.0,0.0,0.0,0.0,0.0,0.0,0.0,0.0,0.0,0.0,0.0,7.6923076923076925,0.0,0.0,,0.0,0.0,12.5,0.0,0.0,0.0,0.0,0.0,0.0,0.0,20.0,0.0,0.0,0.0,0.0,0.0,0.0,0.0,0.0,0.0,22.22222222222222,,0.0,0.0,0.0,0.0,0.0,0.0,,28.571428571428573,0.0,0.0,0.0,0.0,12.5,12.5,0.0,0.0,0.0,0.0,0.0,0.0,33.333333333333336,,0.0,28.571428571428573,0.0,0.0,0.0,16.666666666666668,0.0,11.11111111111111,0.0,100.0,0.0,0.0,16.666666666666668,33.333333333333336,0.0,40.0,0.0,,0.0,12.5,0.0,25.0,0.0,0.0,0.0,0.0,0.0,0.0,14.285714285714286,0.0,0.0,0.0,0.0,0.0,0.0
73,0.0,0.0,20.0,0.0,0.0,0.0,0.0,0.0,0.0,0.0,0.0,0.0,0.0,11.11111111111111,0.0,0.0,20.0,50.0,,0.0,16.666666666666668,0.0,0.0,25.0,0.0,0.0,33.333333333333336,0.0,0.0,0.0,0.0,0.0,0.0,0.0,14.285714285714286,0.0,0.0,0.0,0.0,0.0,0.0,11.11111111111111,0.0,0.0,0.0,22.22222222222222,0.0,0.0,0.0,0.0,14.285714285714286,0.0,0.0,7.6923076923076925,0.0,0.0,0.0,0.0,0.0,0.0,0.0,0.0,14.285714285714286,0.0,0.0,0.0,16.666666666666668,50.0,0.0,0.0,0.0,0.0,,0.0,0.0,0.0,0.0,0.0,0.0,50.0,0.0,0.0,0.0,0.0,0.0,0.0,0.0,0.0,0.0,0.0,0.0,0.0,0.0,0.0,0.0,0.0,28.571428571428573,0.0,0.0,
74,0.0,0.0,0.0,0.0,0.0,0.0,0.0,0.0,11.11111111111111,0.0,0.0,0.0,0.0,0.0,0.0,0.0,0.0,0.0,0.0,0.0,0.0,0.0,12.5,0.0,0.0,0.0,0.0,0.0,0.0,0.0,14.285714285714286,0.0,50.0,0.0,0.0,0.0,0.0,0.0,0.0,0.0,0.0,0.0,0.0,0.0,0.0,0.0,11.11111111111111,0.0,,0.0,0.0,14.285714285714286,0.0,0.0,12.5,0.0,0.0,0.0,0.0,0.0,0.0,11.11111111111111,0.0,0.0,0.0,0.0,28.571428571428573,0.0,0.0,0.0,0.0,0.0,0.0,33.333333333333336,0.0,0.0,0.0,0.0,12.5,25.0,0.0,33.333333333333336,16.666666666666668,0.0,0.0,0.0,0.0,0.0,11.11111111111111,0.0,0.0,0.0,0.0,0.0,0.0,0.0,0.0,0.0,0.0,
75,0.0,11.11111111111111,0.0,0.0,0.0,0.0,0.0,0.0,0.0,14.285714285714286,0.0,0.0,0.0,20.0,0.0,0.0,50.0,0.0,0.0,0.0,0.0,0.0,0.0,16.666666666666668,0.0,0.0,0.0,0.0,,20.0,0.0,0.0,0.0,0.0,0.0,0.0,0.0,,0.0,0.0,25.0,0.0,0.0,25.0,0.0,0.0,0.0,0.0,0.0,0.0,0.0,0.0,0.0,0.0,16.666666666666668,0.0,14.285714285714286,0.0,0.0,0.0,14.285714285714286,0.0,0.0,0.0,0.0,0.0,16.666666666666668,0.0,0.0,0.0,16.666666666666668,,0.0,0.0,0.0,12.5,0.0,40.0,25.0,0.0,0.0,0.0,16.666666666666668,0.0,0.0,0.0,0.0,0.0,0.0,0.0,0.0,0.0,0.0,12.5,14.285714285714286,0.0,0.0,20.0,0.0,0.0
76,0.0,0.0,25.0,0.0,0.0,0.0,25.0,0.0,40.0,12.5,0.0,0.0,20.0,0.0,0.0,0.0,,0.0,0.0,0.0,0.0,50.0,0.0,0.0,0.0,,14.285714285714286,0.0,0.0,0.0,0.0,0.0,0.0,0.0,,0.0,0.0,0.0,0.0,0.0,0.0,0.0,0.0,0.0,0.0,12.5,0.0,0.0,0.0,0.0,0.0,0.0,25.0,0.0,0.0,33.333333333333336,0.0,0.0,0.0,20.0,11.11111111111111,0.0,0.0,0.0,0.0,0.0,,0.0,0.0,100.0,0.0,0.0,0.0,0.0,0.0,0.0,10.0,0.0,0.0,,0.0,0.0,12.5,0.0,11.11111111111111,0.0,0.0,0.0,0.0,0.0,25.0,0.0,,0.0,0.0,14.285714285714286,0.0,0.0,0.0,33.333333333333336
77,0.0,0.0,0.0,25.0,0.0,0.0,,0.0,0.0,0.0,0.0,40.0,0.0,0.0,0.0,0.0,0.0,25.0,,0.0,0.0,25.0,14.285714285714286,0.0,0.0,0.0,0.0,0.0,0.0,0.0,12.5,0.0,0.0,0.0,0.0,0.0,0.0,0.0,0.0,0.0,0.0,0.0,0.0,0.0,0.0,0.0,11.11111111111111,0.0,0.0,0.0,0.0,0.0,11.11111111111111,0.0,10.0,0.0,0.0,14.285714285714286,16.666666666666668,0.0,0.0,10.0,40.0,0.0,25.0,0.0,0.0,0.0,0.0,0.0,0.0,0.0,11.11111111111111,0.0,0.0,14.285714285714286,10.0,0.0,0.0,0.0,14.285714285714286,0.0,12.5,0.0,16.666666666666668,12.5,0.0,28.571428571428573,0.0,0.0,0.0,0.0,22.22222222222222,28.571428571428573,0.0,16.666666666666668,0.0,0.0,14.285714285714286,0.0
78,0.0,0.0,0.0,0.0,0.0,0.0,0.0,0.0,0.0,0.0,0.0,0.0,0.0,0.0,0.0,0.0,0.0,0.0,0.0,0.0,0.0,0.0,0.0,0.0,0.0,0.0,0.0,,0.0,0.0,0.0,11.11111111111111,0.0,0.0,0.0,0.0,0.0,0.0,0.0,0.0,0.0,0.0,0.0,0.0,0.0,,0.0,0.0,0.0,0.0,0.0,14.285714285714286,0.0,0.0,0.0,20.0,20.0,11.11111111111111,15.384615384615385,0.0,0.0,0.0,0.0,0.0,0.0,0.0,,0.0,0.0,0.0,0.0,0.0,11.11111111111111,11.11111111111111,0.0,0.0,0.0,16.666666666666668,0.0,0.0,0.0,0.0,0.0,,0.0,0.0,0.0,0.0,0.0,0.0,0.0,0.0,,0.0,0.0,0.0,,0.0,28.571428571428573,20.0
79,0.0,11.11111111111111,0.0,0.0,0.0,0.0,0.0,0.0,33.333333333333336,0.0,0.0,0.0,0.0,0.0,37.5,0.0,0.0,0.0,0.0,0.0,0.0,0.0,0.0,0.0,28.571428571428573,0.0,0.0,0.0,0.0,0.0,0.0,0.0,,0.0,40.0,0.0,0.0,0.0,0.0,0.0,0.0,0.0,0.0,0.0,0.0,0.0,0.0,0.0,0.0,20.0,25.0,33.333333333333336,0.0,,0.0,0.0,0.0,0.0,0.0,0.0,0.0,10.0,16.666666666666668,20.0,0.0,0.0,25.0,0.0,0.0,0.0,0.0,,0.0,0.0,66.66666666666667,0.0,0.0,0.0,0.0,0.0,0.0,0.0,0.0,25.0,0.0,0.0,0.0,0.0,0.0,0.0,0.0,0.0,0.0,0.0,0.0,,0.0,0.0,0.0,0.0
80,0.0,0.0,0.0,14.285714285714286,42.857142857142854,33.333333333333336,,0.0,0.0,0.0,,0.0,0.0,0.0,0.0,0.0,25.0,0.0,0.0,10.0,16.666666666666668,0.0,20.0,0.0,0.0,0.0,0.0,0.0,0.0,0.0,0.0,0.0,0.0,0.0,0.0,11.11111111111111,0.0,0.0,14.285714285714286,0.0,0.0,0.0,0.0,0.0,0.0,0.0,0.0,0.0,0.0,0.0,25.0,0.0,0.0,0.0,0.0,,0.0,0.0,0.0,11.11111111111111,0.0,0.0,0.0,0.0,14.285714285714286,0.0,0.0,0.0,0.0,0.0,0.0,0.0,33.333333333333336,0.0,0.0,66.66666666666667,0.0,0.0,0.0,0.0,14.285714285714286,0.0,33.333333333333336,0.0,0.0,0.0,50.0,0.0,0.0,,0.0,0.0,0.0,12.5,0.0,0.0,,20.0,0.0,
81,0.0,10.0,0.0,0.0,33.333333333333336,16.666666666666668,16.666666666666668,0.0,0.0,0.0,14.285714285714286,10.0,0.0,0.0,0.0,0.0,0.0,100.0,0.0,16.666666666666668,0.0,18.181818181818183,0.0,0.0,0.0,0.0,33.333333333333336,37.5,0.0,0.0,0.0,0.0,33.333333333333336,0.0,,0.0,0.0,,33.333333333333336,0.0,0.0,0.0,0.0,0.0,0.0,14.285714285714286,0.0,0.0,0.0,0.0,0.0,33.333333333333336,0.0,12.5,0.0,20.0,33.333333333333336,0.0,0.0,0.0,0.0,0.0,20.0,0.0,0.0,0.0,0.0,,0.0,50.0,12.5,20.0,0.0,0.0,0.0,0.0,0.0,0.0,0.0,0.0,0.0,0.0,11.11111111111111,0.0,0.0,0.0,12.5,0.0,12.5,11.11111111111111,0.0,0.0,0.0,0.0,0.0,0.0,0.0,0.0,66.66666666666667,37.5
82,0.0,0.0,0.0,16.666666666666668,0.0,0.0,0.0,0.0,0.0,0.0,0.0,0.0,0.0,0.0,0.0,0.0,0.0,30.0,0.0,,16.666666666666668,0.0,0.0,0.0,0.0,50.0,0.0,75.0,14.285714285714286,0.0,40.0,0.0,18.181818181818183,0.0,0.0,0.0,0.0,0.0,0.0,25.0,0.0,0.0,0.0,0.0,0.0,33.333333333333336,0.0,0.0,0.0,0.0,0.0,0.0,0.0,0.0,0.0,50.0,12.5,50.0,0.0,14.285714285714286,0.0,0.0,0.0,0.0,0.0,0.0,0.0,0.0,0.0,0.0,0.0,0.0,16.666666666666668,0.0,0.0,0.0,0.0,14.285714285714286,20.0,,0.0,0.0,11.11111111111111,0.0,,0.0,0.0,0.0,0.0,25.0,,,0.0,0.0,0.0,0.0,16.666666666666668,,,0.0
83,0.0,33.333333333333336,0.0,0.0,0.0,0.0,0.0,0.0,0.0,12.5,,0.0,0.0,0.0,0.0,33.333333333333336,0.0,0.0,0.0,0.0,0.0,0.0,0.0,14.285714285714286,20.0,0.0,0.0,0.0,0.0,0.0,0.0,11.11111111111111,0.0,0.0,0.0,0.0,12.5,0.0,25.0,0.0,0.0,0.0,0.0,0.0,25.0,25.0,0.0,0.0,11.11111111111111,0.0,40.0,0.0,0.0,20.0,0.0,0.0,16.666666666666668,0.0,0.0,0.0,42.857142857142854,,0.0,0.0,14.285714285714286,0.0,0.0,50.0,16.666666666666668,0.0,14.285714285714286,,0.0,0.0,50.0,0.0,0.0,33.333333333333336,0.0,0.0,0.0,0.0,0.0,15.384615384615385,22.22222222222222,0.0,0.0,0.0,0.0,0.0,8.333333333333334,0.0,0.0,0.0,33.333333333333336,0.0,0.0,0.0,0.0,0.0
84,0.0,0.0,0.0,0.0,0.0,,0.0,20.0,33.333333333333336,0.0,0.0,0.0,0.0,0.0,0.0,0.0,0.0,0.0,0.0,0.0,0.0,0.0,12.5,0.0,0.0,0.0,0.0,0.0,11.11111111111111,0.0,0.0,0.0,0.0,40.0,0.0,0.0,0.0,0.0,0.0,0.0,16.666666666666668,0.0,20.0,20.0,0.0,0.0,0.0,0.0,0.0,0.0,0.0,0.0,16.666666666666668,0.0,0.0,0.0,0.0,0.0,0.0,0.0,0.0,,25.0,25.0,33.333333333333336,0.0,0.0,14.285714285714286,0.0,25.0,33.333333333333336,0.0,0.0,16.666666666666668,0.0,0.0,100.0,0.0,11.11111111111111,0.0,0.0,0.0,0.0,40.0,0.0,0.0,0.0,0.0,0.0,0.0,0.0,0.0,0.0,0.0,0.0,0.0,0.0,25.0,25.0,0.0
85,0.0,0.0,0.0,0.0,16.666666666666668,0.0,0.0,0.0,0.0,0.0,0.0,0.0,0.0,40.0,,,0.0,0.0,0.0,0.0,0.0,0.0,0.0,50.0,20.0,0.0,0.0,0.0,0.0,0.0,0.0,0.0,0.0,0.0,12.5,0.0,0.0,16.666666666666668,0.0,0.0,0.0,12.5,0.0,0.0,0.0,25.0,0.0,0.0,0.0,0.0,0.0,0.0,0.0,0.0,0.0,0.0,0.0,0.0,0.0,25.0,0.0,28.571428571428573,0.0,0.0,0.0,14.285714285714286,0.0,11.11111111111111,0.0,,0.0,0.0,16.666666666666668,0.0,28.571428571428573,0.0,,0.0,0.0,0.0,,0.0,0.0,0.0,0.0,33.333333333333336,0.0,0.0,0.0,0.0,0.0,0.0,14.285714285714286,0.0,25.0,0.0,0.0,0.0,0.0,0.0
86,0.0,0.0,0.0,0.0,0.0,0.0,0.0,0.0,0.0,0.0,0.0,0.0,0.0,0.0,0.0,0.0,0.0,0.0,0.0,33.333333333333336,0.0,0.0,0.0,0.0,0.0,0.0,0.0,,0.0,0.0,0.0,0.0,0.0,0.0,0.0,16.666666666666668,0.0,12.5,12.5,25.0,0.0,0.0,0.0,0.0,22.22222222222222,0.0,0.0,0.0,0.0,37.5,,0.0,0.0,0.0,16.666666666666668,0.0,0.0,25.0,,0.0,0.0,0.0,0.0,0.0,0.0,0.0,0.0,33.333333333333336,28.571428571428573,0.0,0.0,0.0,0.0,0.0,20.0,0.0,0.0,0.0,0.0,0.0,0.0,0.0,12.5,0.0,0.0,0.0,0.0,0.0,0.0,0.0,0.0,0.0,0.0,12.5,0.0,37.5,0.0,0.0,0.0,0.0
87,0.0,14.285714285714286,12.5,0.0,14.285714285714286,0.0,0.0,0.0,20.0,0.0,0.0,0.0,0.0,0.0,0.0,0.0,0.0,0.0,28.571428571428573,25.0,0.0,0.0,0.0,0.0,0.0,0.0,0.0,0.0,0.0,0.0,0.0,0.0,0.0,0.0,0.0,0.0,50.0,0.0,0.0,0.0,0.0,20.0,0.0,0.0,20.0,0.0,0.0,0.0,0.0,25.0,0.0,0.0,0.0,0.0,0.0,33.333333333333336,0.0,0.0,,0.0,0.0,0.0,0.0,14.285714285714286,0.0,0.0,0.0,0.0,0.0,0.0,0.0,0.0,22.22222222222222,0.0,16.666666666666668,20.0,0.0,0.0,0.0,11.11111111111111,0.0,0.0,0.0,0.0,100.0,0.0,0.0,0.0,0.0,,0.0,0.0,0.0,16.666666666666668,0.0,0.0,,0.0,0.0,0.0
88,0.0,0.0,0.0,0.0,0.0,0.0,0.0,14.285714285714286,0.0,14.285714285714286,0.0,0.0,20.0,0.0,0.0,20.0,0.0,0.0,0.0,0.0,0.0,0.0,0.0,0.0,0.0,0.0,0.0,25.0,0.0,0.0,0.0,0.0,33.333333333333336,50.0,0.0,0.0,16.666666666666668,0.0,0.0,0.0,11.11111111111111,0.0,0.0,0.0,0.0,25.0,0.0,20.0,0.0,0.0,0.0,20.0,0.0,0.0,,0.0,37.5,0.0,0.0,0.0,0.0,0.0,0.0,12.5,28.571428571428573,0.0,14.285714285714286,,0.0,0.0,0.0,14.285714285714286,0.0,14.285714285714286,0.0,0.0,,0.0,0.0,14.285714285714286,0.0,0.0,,0.0,11.11111111111111,0.0,0.0,0.0,16.666666666666668,0.0,0.0,0.0,0.0,0.0,18.181818181818183,0.0,0.0,0.0,0.0,0.0
89,14.285714285714286,11.11111111111111,0.0,0.0,0.0,0.0,0.0,0.0,0.0,0.0,0.0,0.0,0.0,0.0,0.0,25.0,0.0,0.0,0.0,14.285714285714286,0.0,0.0,0.0,0.0,100.0,0.0,0.0,0.0,0.0,14.285714285714286,0.0,66.66666666666667,0.0,0.0,,0.0,0.0,0.0,0.0,0.0,0.0,0.0,,0.0,14.285714285714286,,0.0,0.0,12.5,33.333333333333336,0.0,0.0,16.666666666666668,0.0,0.0,0.0,0.0,0.0,0.0,0.0,0.0,0.0,50.0,0.0,12.5,0.0,0.0,0.0,0.0,0.0,0.0,0.0,50.0,0.0,0.0,0.0,,0.0,0.0,0.0,0.0,0.0,0.0,0.0,0.0,0.0,0.0,0.0,0.0,0.0,0.0,0.0,0.0,25.0,25.0,50.0,0.0,0.0,0.0,0.0
90,16.666666666666668,0.0,0.0,0.0,0.0,0.0,0.0,0.0,0.0,0.0,0.0,0.0,20.0,0.0,0.0,0.0,11.11111111111111,0.0,33.333333333333336,0.0,0.0,0.0,0.0,28.571428571428573,0.0,0.0,0.0,,0.0,0.0,0.0,18.181818181818183,0.0,0.0,0.0,33.333333333333336,0.0,0.0,0.0,11.11111111111111,0.0,0.0,0.0,0.0,0.0,0.0,20.0,0.0,,33.333333333333336,0.0,0.0,0.0,0.0,16.666666666666668,25.0,0.0,0.0,50.0,14.285714285714286,0.0,0.0,0.0,0.0,0.0,12.5,0.0,0.0,0.0,0.0,0.0,0.0,0.0,0.0,0.0,20.0,0.0,33.333333333333336,0.0,0.0,,0.0,0.0,12.5,0.0,0.0,12.5,0.0,14.285714285714286,28.571428571428573,0.0,0.0,,25.0,0.0,33.333333333333336,0.0,0.0,0.0,18.181818181818183
91,0.0,0.0,0.0,0.0,33.333333333333336,0.0,0.0,14.285714285714286,0.0,0.0,0.0,0.0,0.0,,20.0,0.0,50.0,0.0,0.0,0.0,0.0,0.0,,0.0,0.0,0.0,0.0,0.0,0.0,0.0,0.0,0.0,0.0,40.0,0.0,0.0,0.0,0.0,0.0,0.0,25.0,0.0,16.666666666666668,,0.0,0.0,0.0,0.0,,0.0,0.0,0.0,0.0,11.11111111111111,0.0,20.0,16.666666666666668,0.0,0.0,0.0,0.0,0.0,0.0,0.0,,0.0,0.0,0.0,14.285714285714286,0.0,0.0,0.0,,0.0,0.0,16.666666666666668,16.666666666666668,0.0,0.0,0.0,0.0,0.0,11.11111111111111,0.0,0.0,0.0,0.0,25.0,0.0,14.285714285714286,0.0,0.0,14.285714285714286,0.0,0.0,0.0,16.666666666666668,9.090909090909092,0.0,0.0
92,0.0,0.0,0.0,0.0,0.0,33.333333333333336,0.0,0.0,0.0,0.0,0.0,0.0,0.0,0.0,0.0,0.0,0.0,14.285714285714286,28.571428571428573,0.0,20.0,0.0,0.0,0.0,0.0,25.0,0.0,0.0,0.0,0.0,0.0,0.0,0.0,0.0,50.0,0.0,0.0,0.0,0.0,0.0,0.0,25.0,28.571428571428573,0.0,0.0,0.0,0.0,0.0,,11.11111111111111,0.0,12.5,0.0,28.571428571428573,0.0,33.333333333333336,0.0,0.0,33.333333333333336,0.0,0.0,0.0,0.0,0.0,0.0,0.0,0.0,0.0,10.0,16.666666666666668,14.285714285714286,28.571428571428573,0.0,0.0,0.0,0.0,20.0,0.0,0.0,0.0,0.0,12.5,50.0,0.0,0.0,33.333333333333336,0.0,0.0,0.0,25.0,0.0,0.0,0.0,0.0,0.0,0.0,0.0,0.0,0.0,20.0
93,20.0,0.0,0.0,0.0,0.0,0.0,0.0,0.0,0.0,25.0,0.0,0.0,0.0,0.0,0.0,12.5,50.0,0.0,0.0,0.0,,0.0,0.0,50.0,0.0,0.0,0.0,0.0,0.0,0.0,0.0,0.0,0.0,0.0,0.0,0.0,0.0,16.666666666666668,0.0,11.11111111111111,0.0,0.0,0.0,25.0,0.0,0.0,0.0,0.0,,0.0,0.0,0.0,0.0,25.0,0.0,0.0,0.0,0.0,0.0,0.0,0.0,0.0,0.0,,12.5,0.0,0.0,0.0,0.0,0.0,0.0,0.0,0.0,0.0,0.0,0.0,0.0,0.0,0.0,0.0,33.333333333333336,14.285714285714286,0.0,0.0,0.0,0.0,0.0,0.0,0.0,0.0,0.0,0.0,0.0,16.666666666666668,0.0,0.0,0.0,0.0,0.0,0.0
94,0.0,11.11111111111111,0.0,0.0,12.5,,0.0,0.0,,0.0,0.0,20.0,0.0,0.0,0.0,0.0,0.0,0.0,0.0,20.0,0.0,0.0,0.0,0.0,0.0,0.0,0.0,0.0,0.0,0.0,0.0,100.0,0.0,0.0,0.0,0.0,0.0,0.0,0.0,0.0,25.0,25.0,57.142857142857146,0.0,0.0,6.25,0.0,,,0.0,0.0,0.0,0.0,0.0,0.0,0.0,0.0,0.0,,0.0,0.0,25.0,0.0,,0.0,0.0,0.0,0.0,0.0,0.0,0.0,0.0,0.0,0.0,0.0,0.0,0.0,0.0,0.0,0.0,0.0,0.0,0.0,0.0,0.0,0.0,0.0,0.0,0.0,0.0,0.0,25.0,0.0,0.0,0.0,0.0,0.0,0.0,0.0,0.0
95,0.0,0.0,0.0,0.0,0.0,0.0,0.0,0.0,33.333333333333336,0.0,12.5,0.0,16.666666666666668,0.0,0.0,0.0,0.0,0.0,,0.0,0.0,20.0,12.5,0.0,14.285714285714286,0.0,0.0,0.0,0.0,0.0,0.0,0.0,0.0,0.0,0.0,0.0,14.285714285714286,0.0,0.0,33.333333333333336,0.0,0.0,20.0,0.0,0.0,0.0,0.0,0.0,,11.11111111111111,0.0,16.666666666666668,11.11111111111111,0.0,0.0,0.0,0.0,0.0,0.0,0.0,0.0,0.0,0.0,0.0,0.0,12.5,0.0,14.285714285714286,0.0,33.333333333333336,0.0,0.0,10.0,14.285714285714286,0.0,,0.0,0.0,0.0,0.0,0.0,0.0,0.0,0.0,0.0,12.5,0.0,0.0,12.5,,0.0,0.0,0.0,0.0,0.0,0.0,0.0,0.0,0.0,
96,0.0,33.333333333333336,0.0,0.0,0.0,0.0,0.0,0.0,0.0,66.66666666666667,12.5,14.285714285714286,0.0,0.0,11.11111111111111,20.0,0.0,0.0,0.0,0.0,0.0,0.0,0.0,0.0,0.0,0.0,0.0,0.0,,0.0,0.0,0.0,0.0,0.0,0.0,0.0,0.0,0.0,0.0,0.0,0.0,0.0,0.0,0.0,0.0,0.0,0.0,20.0,,0.0,0.0,0.0,0.0,0.0,0.0,0.0,0.0,0.0,0.0,0.0,11.11111111111111,0.0,0.0,0.0,0.0,0.0,0.0,0.0,0.0,0.0,0.0,0.0,0.0,,0.0,16.666666666666668,0.0,0.0,0.0,0.0,20.0,0.0,0.0,0.0,0.0,0.0,12.5,16.666666666666668,0.0,0.0,0.0,0.0,100.0,0.0,0.0,0.0,0.0,0.0,33.333333333333336,0.0
97,0.0,0.0,0.0,0.0,0.0,0.0,14.285714285714286,0.0,,0.0,0.0,0.0,,0.0,0.0,0.0,0.0,0.0,0.0,0.0,0.0,0.0,0.0,0.0,0.0,16.666666666666668,0.0,0.0,0.0,0.0,0.0,11.11111111111111,0.0,0.0,0.0,20.0,0.0,0.0,0.0,0.0,0.0,0.0,0.0,0.0,16.666666666666668,0.0,0.0,0.0,,0.0,0.0,0.0,0.0,66.66666666666667,0.0,0.0,11.11111111111111,0.0,0.0,14.285714285714286,0.0,0.0,0.0,0.0,0.0,0.0,0.0,,16.666666666666668,16.666666666666668,0.0,50.0,0.0,0.0,0.0,,0.0,0.0,,0.0,0.0,0.0,33.333333333333336,33.333333333333336,75.0,16.666666666666668,0.0,0.0,33.333333333333336,0.0,28.571428571428573,0.0,0.0,0.0,0.0,0.0,0.0,0.0,0.0,0.0
98,0.0,0.0,0.0,0.0,0.0,0.0,0.0,0.0,0.0,16.666666666666668,0.0,0.0,0.0,0.0,0.0,0.0,,0.0,0.0,0.0,0.0,0.0,0.0,0.0,0.0,0.0,0.0,0.0,0.0,0.0,0.0,0.0,0.0,40.0,0.0,0.0,0.0,0.0,0.0,,0.0,0.0,0.0,0.0,50.0,33.333333333333336,0.0,0.0,,0.0,0.0,33.333333333333336,14.285714285714286,0.0,12.5,0.0,0.0,14.285714285714286,0.0,0.0,12.5,0.0,0.0,0.0,12.5,14.285714285714286,0.0,25.0,0.0,0.0,0.0,0.0,0.0,0.0,0.0,0.0,0.0,0.0,0.0,0.0,0.0,16.666666666666668,,0.0,0.0,,0.0,14.285714285714286,0.0,0.0,0.0,25.0,0.0,14.285714285714286,0.0,0.0,14.285714285714286,0.0,10.0,0.0
99,14.285714285714286,,0.0,0.0,0.0,0.0,0.0,0.0,0.0,0.0,0.0,0.0,0.0,0.0,0.0,0.0,33.333333333333336,0.0,0.0,0.0,0.0,0.0,0.0,0.0,20.0,0.0,12.5,0.0,0.0,0.0,0.0,0.0,0.0,0.0,33.333333333333336,0.0,0.0,0.0,0.0,,0.0,0.0,0.0,20.0,0.0,16.666666666666668,0.0,20.0,,16.666666666666668,50.0,0.0,25.0,0.0,0.0,0.0,14.285714285714286,0.0,0.0,0.0,0.0,0.0,14.285714285714286,0.0,0.0,0.0,0.0,0.0,0.0,0.0,0.0,0.0,0.0,0.0,0.0,0.0,25.0,0.0,0.0,16.666666666666668,0.0,0.0,20.0,,0.0,0.0,0.0,12.5,0.0,25.0,0.0,0.0,0.0,0.0,7.6923076923076925,0.0,0.0,0.0,16.666666666666668,0.0
100,0.0,0.0,0.0,0.0,0.0,28.571428571428573,0.0,0.0,0.0,14.285714285714286,0.0,16.666666666666668,0.0,16.666666666666668,0.0,0.0,,,0.0,0.0,0.0,0.0,0.0,0.0,0.0,0.0,0.0,0.0,0.0,0.0,0.0,0.0,0.0,0.0,0.0,0.0,0.0,0.0,0.0,0.0,0.0,0.0,0.0,0.0,0.0,20.0,0.0,12.5,,20.0,0.0,0.0,0.0,33.333333333333336,0.0,25.0,0.0,0.0,0.0,0.0,0.0,28.571428571428573,0.0,33.333333333333336,42.857142857142854,0.0,0.0,20.0,8.333333333333334,0.0,0.0,0.0,0.0,0.0,0.0,0.0,0.0,0.0,11.11111111111111,0.0,0.0,0.0,0.0,0.0,0.0,0.0,14.285714285714286,0.0,0.0,0.0,0.0,0.0,20.0,0.0,0.0,0.0,0.0,0.0,0.0,0.0
101,,0.0,0.0,0.0,16.666666666666668,25.0,14.285714285714286,33.333333333333336,0.0,0.0,0.0,16.666666666666668,14.285714285714286,0.0,0.0,0.0,0.0,10.0,0.0,0.0,0.0,0.0,0.0,,0.0,0.0,0.0,0.0,0.0,0.0,0.0,0.0,0.0,0.0,0.0,0.0,0.0,0.0,,0.0,10.0,0.0,50.0,,0.0,0.0,16.666666666666668,0.0,,,0.0,12.5,0.0,0.0,0.0,0.0,33.333333333333336,0.0,0.0,0.0,0.0,0.0,0.0,0.0,,0.0,0.0,0.0,0.0,0.0,,0.0,0.0,0.0,0.0,0.0,0.0,0.0,0.0,14.285714285714286,20.0,0.0,0.0,33.333333333333336,9.090909090909092,0.0,25.0,0.0,0.0,0.0,14.285714285714286,0.0,0.0,0.0,0.0,0.0,0.0,25.0,0.0,11.11111111111111
102,0.0,0.0,0.0,0.0,0.0,0.0,0.0,12.5,,0.0,0.0,0.0,33.333333333333336,12.5,,20.0,0.0,0.0,0.0,,0.0,0.0,0.0,37.5,14.285714285714286,20.0,0.0,0.0,,0.0,0.0,0.0,0.0,20.0,0.0,0.0,0.0,0.0,0.0,0.0,0.0,0.0,0.0,0.0,0.0,0.0,14.285714285714286,0.0,,0.0,0.0,0.0,0.0,0.0,0.0,0.0,0.0,0.0,0.0,0.0,0.0,0.0,0.0,10.0,0.0,0.0,,0.0,0.0,,0.0,16.666666666666668,0.0,0.0,0.0,16.666666666666668,0.0,20.0,,20.0,33.333333333333336,0.0,0.0,16.666666666666668,0.0,7.142857142857143,0.0,0.0,0.0,12.5,22.22222222222222,0.0,0.0,,0.0,28.571428571428573,,0.0,0.0,0.0
103,0.0,,0.0,0.0,11.11111111111111,0.0,0.0,,0.0,0.0,0.0,0.0,11.11111111111111,0.0,0.0,0.0,,0.0,0.0,0.0,0.0,0.0,12.5,0.0,0.0,0.0,0.0,0.0,0.0,0.0,16.666666666666668,0.0,0.0,0.0,0.0,0.0,0.0,0.0,,0.0,12.5,0.0,0.0,0.0,0.0,14.285714285714286,0.0,0.0,,0.0,0.0,0.0,25.0,12.5,16.666666666666668,0.0,0.0,0.0,0.0,0.0,0.0,0.0,20.0,0.0,33.333333333333336,0.0,25.0,0.0,0.0,0.0,28.571428571428573,0.0,0.0,,0.0,16.666666666666668,0.0,0.0,0.0,16.666666666666668,14.285714285714286,,0.0,0.0,0.0,25.0,0.0,0.0,10.0,0.0,25.0,,0.0,0.0,0.0,0.0,0.0,0.0,0.0,0.0
104,0.0,16.666666666666668,0.0,,,0.0,0.0,0.0,20.0,0.0,16.666666666666668,9.090909090909092,0.0,50.0,0.0,0.0,0.0,14.285714285714286,16.666666666666668,12.5,33.333333333333336,0.0,0.0,0.0,0.0,0.0,0.0,100.0,0.0,0.0,0.0,0.0,0.0,0.0,25.0,0.0,0.0,,0.0,,0.0,11.11111111111111,0.0,0.0,16.666666666666668,0.0,0.0,0.0,,40.0,0.0,37.5,0.0,0.0,0.0,0.0,0.0,0.0,0.0,0.0,28.571428571428573,33.333333333333336,0.0,0.0,0.0,0.0,14.285714285714286,0.0,11.11111111111111,0.0,0.0,0.0,22.22222222222222,0.0,0.0,,11.11111111111111,0.0,33.333333333333336,,0.0,,0.0,16.666666666666668,0.0,0.0,0.0,0.0,0.0,0.0,0.0,0.0,0.0,0.0,0.0,0.0,0.0,0.0,0.0,0.0
105,0.0,,0.0,0.0,50.0,25.0,0.0,14.285714285714286,25.0,0.0,0.0,0.0,0.0,0.0,20.0,0.0,0.0,0.0,0.0,0.0,0.0,0.0,40.0,,0.0,0.0,0.0,0.0,16.666666666666668,,9.090909090909092,,0.0,16.666666666666668,20.0,0.0,0.0,0.0,,0.0,0.0,0.0,16.666666666666668,0.0,20.0,0.0,0.0,25.0,,0.0,0.0,0.0,0.0,0.0,0.0,0.0,0.0,0.0,0.0,0.0,33.333333333333336,0.0,,,50.0,0.0,0.0,0.0,0.0,0.0,0.0,0.0,0.0,0.0,0.0,0.0,0.0,0.0,0.0,0.0,0.0,12.5,0.0,33.333333333333336,0.0,28.571428571428573,0.0,0.0,0.0,20.0,0.0,0.0,0.0,0.0,25.0,14.285714285714286,0.0,0.0,0.0,0.0
106,11.11111111111111,0.0,0.0,16.666666666666668,,33.333333333333336,0.0,,0.0,0.0,0.0,33.333333333333336,0.0,11.11111111111111,0.0,16.666666666666668,0.0,0.0,0.0,0.0,22.22222222222222,25.0,0.0,0.0,16.666666666666668,0.0,0.0,0.0,0.0,25.0,,0.0,0.0,50.0,0.0,0.0,12.5,0.0,0.0,0.0,12.5,0.0,0.0,0.0,0.0,14.285714285714286,0.0,0.0,,0.0,0.0,33.333333333333336,0.0,0.0,0.0,0.0,,0.0,0.0,0.0,42.857142857142854,0.0,0.0,,,0.0,16.666666666666668,0.0,25.0,0.0,0.0,0.0,0.0,11.11111111111111,0.0,0.0,0.0,0.0,33.333333333333336,,0.0,0.0,33.333333333333336,20.0,0.0,0.0,0.0,25.0,50.0,0.0,0.0,14.285714285714286,0.0,0.0,12.5,11.11111111111111,50.0,0.0,20.0,14.285714285714286
107,0.0,12.5,,0.0,0.0,0.0,0.0,0.0,0.0,100.0,,0.0,0.0,0.0,0.0,0.0,0.0,0.0,0.0,0.0,0.0,0.0,0.0,25.0,0.0,0.0,0.0,0.0,14.285714285714286,0.0,33.333333333333336,11.11111111111111,33.333333333333336,0.0,18.181818181818183,16.666666666666668,0.0,0.0,14.285714285714286,0.0,14.285714285714286,0.0,25.0,0.0,0.0,0.0,0.0,25.0,,28.571428571428573,0.0,0.0,0.0,33.333333333333336,0.0,0.0,0.0,33.333333333333336,0.0,0.0,45.45454545454545,0.0,0.0,0.0,16.666666666666668,0.0,0.0,0.0,14.285714285714286,0.0,0.0,16.666666666666668,,0.0,0.0,0.0,0.0,16.666666666666668,0.0,20.0,0.0,0.0,20.0,33.333333333333336,0.0,0.0,0.0,0.0,0.0,0.0,0.0,0.0,0.0,0.0,0.0,14.285714285714286,0.0,0.0,0.0,0.0
108,0.0,0.0,0.0,12.5,0.0,16.666666666666668,20.0,0.0,0.0,12.5,20.0,0.0,0.0,0.0,0.0,,0.0,0.0,0.0,0.0,0.0,0.0,0.0,0.0,0.0,0.0,,100.0,0.0,0.0,0.0,50.0,0.0,0.0,7.6923076923076925,33.333333333333336,0.0,0.0,0.0,0.0,0.0,0.0,15.384615384615385,0.0,0.0,0.0,0.0,0.0,,0.0,0.0,0.0,0.0,16.666666666666668,50.0,0.0,0.0,0.0,20.0,0.0,0.0,0.0,0.0,0.0,0.0,0.0,0.0,0.0,0.0,14.285714285714286,0.0,0.0,0.0,12.5,0.0,0.0,0.0,0.0,33.333333333333336,0.0,0.0,0.0,0.0,0.0,22.22222222222222,0.0,0.0,0.0,0.0,0.0,0.0,0.0,16.666666666666668,0.0,0.0,16.666666666666668,0.0,0.0,0.0,0.0
109,20.0,0.0,0.0,0.0,0.0,0.0,0.0,0.0,0.0,0.0,0.0,0.0,14.285714285714286,0.0,0.0,0.0,0.0,0.0,22.22222222222222,0.0,25.0,14.285714285714286,16.666666666666668,33.333333333333336,0.0,0.0,50.0,0.0,0.0,0.0,50.0,0.0,0.0,0.0,0.0,0.0,33.333333333333336,0.0,0.0,0.0,0.0,0.0,0.0,0.0,0.0,0.0,0.0,25.0,,0.0,0.0,0.0,16.666666666666668,0.0,0.0,0.0,0.0,0.0,33.333333333333336,16.666666666666668,33.333333333333336,0.0,0.0,14.285714285714286,0.0,0.0,0.0,0.0,0.0,0.0,0.0,0.0,0.0,0.0,0.0,0.0,0.0,0.0,0.0,0.0,0.0,0.0,,0.0,0.0,,0.0,0.0,16.666666666666668,0.0,0.0,0.0,0.0,0.0,0.0,0.0,20.0,0.0,0.0,0.0
110,0.0,0.0,0.0,0.0,0.0,0.0,0.0,11.11111111111111,0.0,9.090909090909092,,20.0,10.0,0.0,0.0,30.0,0.0,0.0,12.5,14.285714285714286,0.0,0.0,20.0,0.0,0.0,0.0,0.0,0.0,0.0,0.0,0.0,20.0,0.0,9.090909090909092,20.0,11.11111111111111,0.0,0.0,0.0,0.0,0.0,0.0,33.333333333333336,50.0,0.0,0.0,0.0,0.0,,0.0,0.0,0.0,37.5,0.0,,14.285714285714286,16.666666666666668,0.0,0.0,0.0,0.0,0.0,0.0,0.0,0.0,0.0,0.0,0.0,0.0,0.0,,0.0,,0.0,22.22222222222222,,0.0,25.0,0.0,20.0,0.0,0.0,25.0,0.0,0.0,0.0,0.0,0.0,0.0,0.0,0.0,0.0,0.0,0.0,0.0,0.0,0.0,0.0,50.0,0.0
111,0.0,0.0,12.5,0.0,0.0,0.0,0.0,0.0,0.0,0.0,0.0,0.0,0.0,0.0,0.0,0.0,0.0,0.0,0.0,0.0,0.0,16.666666666666668,25.0,0.0,25.0,,0.0,0.0,50.0,0.0,0.0,0.0,0.0,0.0,33.333333333333336,16.666666666666668,0.0,0.0,0.0,0.0,0.0,0.0,0.0,0.0,0.0,0.0,0.0,,,20.0,0.0,,0.0,16.666666666666668,0.0,0.0,0.0,12.5,,0.0,33.333333333333336,0.0,0.0,0.0,0.0,0.0,0.0,0.0,25.0,0.0,0.0,100.0,0.0,0.0,0.0,0.0,0.0,0.0,12.5,25.0,0.0,0.0,0.0,50.0,0.0,0.0,0.0,,12.5,0.0,0.0,0.0,0.0,33.333333333333336,0.0,0.0,0.0,0.0,0.0,0.0
112,0.0,42.857142857142854,0.0,0.0,,100.0,0.0,0.0,16.666666666666668,0.0,0.0,33.333333333333336,0.0,0.0,0.0,,0.0,0.0,0.0,0.0,0.0,0.0,0.0,0.0,0.0,0.0,0.0,20.0,0.0,33.333333333333336,12.5,0.0,16.666666666666668,25.0,0.0,0.0,0.0,9.090909090909092,0.0,0.0,0.0,0.0,0.0,0.0,0.0,0.0,0.0,9.090909090909092,,0.0,0.0,0.0,0.0,33.333333333333336,50.0,0.0,0.0,0.0,33.333333333333336,0.0,0.0,0.0,0.0,0.0,42.857142857142854,0.0,0.0,0.0,0.0,0.0,33.333333333333336,20.0,,100.0,0.0,0.0,0.0,16.666666666666668,0.0,0.0,25.0,0.0,0.0,0.0,12.5,0.0,25.0,0.0,0.0,25.0,25.0,0.0,0.0,0.0,0.0,0.0,0.0,0.0,0.0,0.0
113,7.6923076923076925,0.0,0.0,16.666666666666668,0.0,0.0,0.0,0.0,50.0,11.11111111111111,,0.0,,50.0,0.0,0.0,0.0,14.285714285714286,0.0,0.0,14.285714285714286,0.0,0.0,0.0,0.0,50.0,50.0,0.0,12.5,,0.0,0.0,,16.666666666666668,0.0,0.0,0.0,0.0,0.0,33.333333333333336,0.0,20.0,40.0,0.0,,0.0,0.0,0.0,,0.0,0.0,0.0,0.0,0.0,14.285714285714286,0.0,0.0,0.0,0.0,0.0,0.0,0.0,0.0,0.0,0.0,,0.0,0.0,14.285714285714286,,33.333333333333336,0.0,0.0,0.0,22.22222222222222,0.0,0.0,0.0,25.0,25.0,0.0,11.11111111111111,0.0,0.0,0.0,0.0,0.0,0.0,0.0,0.0,0.0,0.0,0.0,0.0,0.0,0.0,33.333333333333336,14.285714285714286,0.0,0.0
114,0.0,0.0,,0.0,16.666666666666668,0.0,0.0,12.5,25.0,0.0,0.0,0.0,0.0,0.0,0.0,0.0,14.285714285714286,0.0,0.0,0.0,0.0,8.333333333333334,0.0,0.0,0.0,0.0,0.0,0.0,0.0,,0.0,0.0,0.0,0.0,18.181818181818183,0.0,0.0,16.666666666666668,0.0,25.0,0.0,0.0,0.0,,0.0,,0.0,0.0,,0.0,0.0,28.571428571428573,0.0,16.666666666666668,0.0,12.5,0.0,0.0,0.0,9.090909090909092,0.0,,0.0,0.0,0.0,0.0,0.0,,16.666666666666668,0.0,0.0,0.0,0.0,0.0,0.0,0.0,0.0,0.0,0.0,,0.0,0.0,0.0,16.666666666666668,0.0,16.666666666666668,0.0,0.0,14.285714285714286,0.0,0.0,20.0,0.0,11.11111111111111,20.0,0.0,,0.0,0.0,11.11111111111111
115,0.0,28.571428571428573,33.333333333333336,0.0,0.0,0.0,0.0,20.0,,0.0,0.0,0.0,0.0,0.0,0.0,0.0,33.333333333333336,18.181818181818183,10.0,0.0,0.0,0.0,0.0,0.0,20.0,0.0,0.0,0.0,0.0,0.0,0.0,0.0,0.0,0.0,0.0,0.0,0.0,16.666666666666668,0.0,0.0,33.333333333333336,0.0,20.0,0.0,0.0,0.0,0.0,0.0,,0.0,0.0,,0.0,0.0,0.0,0.0,0.0,0.0,0.0,0.0,12.5,0.0,0.0,0.0,0.0,0.0,0.0,0.0,25.0,0.0,0.0,0.0,0.0,0.0,0.0,0.0,16.666666666666668,0.0,0.0,0.0,0.0,10.0,0.0,0.0,0.0,0.0,14.285714285714286,0.0,0.0,25.0,0.0,22.22222222222222,9.090909090909092,0.0,0.0,0.0,0.0,0.0,20.0,0.0
116,0.0,0.0,0.0,0.0,0.0,0.0,0.0,12.5,0.0,0.0,0.0,0.0,0.0,0.0,0.0,0.0,0.0,0.0,0.0,,28.571428571428573,,0.0,66.66666666666667,0.0,12.5,0.0,0.0,0.0,33.333333333333336,0.0,0.0,50.0,12.5,0.0,0.0,33.333333333333336,8.333333333333334,16.666666666666668,0.0,0.0,0.0,12.5,0.0,0.0,0.0,0.0,28.571428571428573,,0.0,0.0,,,0.0,100.0,0.0,0.0,0.0,0.0,0.0,12.5,12.5,16.666666666666668,66.66666666666667,0.0,0.0,40.0,0.0,0.0,0.0,0.0,20.0,0.0,11.11111111111111,60.0,0.0,0.0,0.0,0.0,0.0,0.0,0.0,28.571428571428573,0.0,16.666666666666668,100.0,0.0,0.0,0.0,0.0,0.0,0.0,0.0,0.0,0.0,,0.0,0.0,0.0,33.333333333333336
117,0.0,0.0,0.0,0.0,0.0,0.0,0.0,0.0,0.0,16.666666666666668,0.0,0.0,0.0,14.285714285714286,0.0,0.0,,0.0,0.0,25.0,0.0,0.0,0.0,0.0,0.0,0.0,0.0,,0.0,0.0,0.0,0.0,,0.0,0.0,0.0,0.0,0.0,10.0,20.0,11.11111111111111,0.0,0.0,0.0,22.22222222222222,14.285714285714286,10.0,0.0,,0.0,0.0,0.0,0.0,25.0,0.0,0.0,,0.0,0.0,33.333333333333336,40.0,0.0,0.0,0.0,0.0,0.0,0.0,0.0,0.0,25.0,0.0,0.0,0.0,0.0,0.0,0.0,0.0,40.0,0.0,0.0,0.0,0.0,0.0,0.0,0.0,0.0,0.0,0.0,0.0,100.0,0.0,0.0,0.0,0.0,0.0,50.0,0.0,0.0,0.0,10.0
118,0.0,0.0,0.0,10.0,14.285714285714286,40.0,100.0,0.0,0.0,0.0,,25.0,0.0,50.0,,0.0,0.0,0.0,0.0,25.0,0.0,0.0,0.0,0.0,0.0,0.0,0.0,25.0,0.0,16.666666666666668,16.666666666666668,0.0,0.0,0.0,0.0,,0.0,0.0,,0.0,0.0,0.0,10.0,0.0,66.66666666666667,,0.0,0.0,,0.0,0.0,0.0,0.0,0.0,0.0,0.0,0.0,0.0,12.5,0.0,0.0,0.0,,0.0,0.0,0.0,12.5,0.0,20.0,0.0,0.0,0.0,0.0,0.0,0.0,,0.0,0.0,0.0,0.0,0.0,20.0,0.0,20.0,0.0,0.0,0.0,0.0,20.0,0.0,0.0,0.0,0.0,0.0,0.0,,0.0,14.285714285714286,0.0,0.0
119,50.0,0.0,0.0,0.0,12.5,0.0,0.0,16.666666666666668,0.0,33.333333333333336,,0.0,100.0,0.0,0.0,0.0,0.0,0.0,0.0,0.0,0.0,0.0,0.0,0.0,0.0,0.0,0.0,0.0,0.0,0.0,0.0,0.0,0.0,0.0,14.285714285714286,0.0,0.0,0.0,0.0,0.0,12.5,0.0,14.285714285714286,50.0,0.0,,0.0,0.0,,10.0,0.0,14.285714285714286,0.0,0.0,0.0,0.0,0.0,0.0,0.0,0.0,0.0,16.666666666666668,0.0,0.0,25.0,0.0,0.0,0.0,0.0,0.0,0.0,10.0,0.0,0.0,0.0,0.0,0.0,0.0,50.0,0.0,50.0,,0.0,22.22222222222222,0.0,0.0,0.0,0.0,0.0,0.0,0.0,0.0,12.5,0.0,0.0,0.0,25.0,0.0,0.0,25.0
120,0.0,0.0,0.0,0.0,0.0,9.090909090909092,0.0,0.0,0.0,16.666666666666668,,0.0,0.0,0.0,,0.0,0.0,,0.0,0.0,0.0,0.0,0.0,0.0,0.0,0.0,0.0,0.0,0.0,14.285714285714286,0.0,0.0,0.0,0.0,0.0,14.285714285714286,0.0,0.0,,0.0,25.0,0.0,0.0,0.0,40.0,,0.0,0.0,,0.0,14.285714285714286,,33.333333333333336,0.0,0.0,0.0,0.0,0.0,16.666666666666668,0.0,14.285714285714286,0.0,0.0,0.0,0.0,0.0,14.285714285714286,14.285714285714286,0.0,0.0,16.666666666666668,0.0,0.0,0.0,0.0,20.0,0.0,100.0,0.0,0.0,0.0,0.0,33.333333333333336,0.0,0.0,14.285714285714286,16.666666666666668,0.0,0.0,0.0,0.0,14.285714285714286,0.0,,0.0,0.0,0.0,0.0,0.0,0.0
121,25.0,0.0,0.0,,0.0,0.0,0.0,0.0,0.0,12.5,,0.0,,0.0,0.0,0.0,0.0,0.0,12.5,0.0,18.181818181818183,0.0,0.0,0.0,0.0,0.0,14.285714285714286,0.0,0.0,0.0,0.0,20.0,0.0,0.0,16.666666666666668,0.0,0.0,0.0,12.5,14.285714285714286,0.0,0.0,0.0,0.0,50.0,,16.666666666666668,0.0,,0.0,0.0,20.0,0.0,0.0,0.0,0.0,0.0,0.0,33.333333333333336,0.0,12.5,14.285714285714286,0.0,0.0,11.11111111111111,0.0,50.0,0.0,0.0,0.0,33.333333333333336,0.0,0.0,0.0,14.285714285714286,11.11111111111111,0.0,0.0,,0.0,0.0,0.0,0.0,0.0,16.666666666666668,,14.285714285714286,0.0,22.22222222222222,14.285714285714286,8.333333333333334,0.0,0.0,0.0,0.0,0.0,,0.0,0.0,0.0
122,0.0,33.333333333333336,0.0,0.0,0.0,0.0,,20.0,0.0,0.0,,0.0,0.0,0.0,16.666666666666668,14.285714285714286,0.0,0.0,0.0,0.0,40.0,0.0,25.0,16.666666666666668,0.0,0.0,14.285714285714286,0.0,0.0,0.0,0.0,25.0,0.0,0.0,,0.0,0.0,0.0,,25.0,0.0,0.0,0.0,20.0,0.0,,0.0,0.0,,0.0,0.0,30.0,0.0,,,,0.0,12.5,0.0,0.0,16.666666666666668,0.0,0.0,0.0,42.857142857142854,0.0,25.0,0.0,0.0,0.0,14.285714285714286,0.0,0.0,0.0,0.0,0.0,0.0,0.0,,0.0,0.0,25.0,0.0,50.0,28.571428571428573,33.333333333333336,14.285714285714286,0.0,0.0,66.66666666666667,0.0,25.0,0.0,33.333333333333336,11.11111111111111,,0.0,0.0,0.0,0.0
123,0.0,0.0,0.0,10.0,57.142857142857146,0.0,0.0,0.0,12.5,16.666666666666668,,11.11111111111111,0.0,0.0,0.0,14.285714285714286,,0.0,0.0,0.0,,,0.0,33.333333333333336,,0.0,0.0,0.0,0.0,0.0,14.285714285714286,0.0,0.0,0.0,0.0,0.0,0.0,0.0,50.0,0.0,20.0,0.0,25.0,14.285714285714286,0.0,,0.0,20.0,,0.0,0.0,0.0,33.333333333333336,0.0,0.0,0.0,0.0,66.66666666666667,0.0,0.0,33.333333333333336,14.285714285714286,0.0,0.0,0.0,0.0,16.666666666666668,0.0,0.0,0.0,0.0,0.0,12.5,11.11111111111111,10.0,0.0,0.0,,,0.0,16.666666666666668,22.22222222222222,16.666666666666668,0.0,0.0,12.5,25.0,0.0,0.0,0.0,,14.285714285714286,0.0,0.0,0.0,0.0,0.0,0.0,14.285714285714286,0.0
124,0.0,0.0,0.0,10.0,0.0,14.285714285714286,,0.0,0.0,0.0,,0.0,16.666666666666668,25.0,0.0,14.285714285714286,0.0,0.0,33.333333333333336,0.0,,0.0,0.0,0.0,0.0,0.0,0.0,0.0,11.11111111111111,0.0,0.0,0.0,0.0,14.285714285714286,0.0,0.0,0.0,0.0,11.11111111111111,0.0,,0.0,0.0,0.0,0.0,,0.0,20.0,,0.0,0.0,0.0,0.0,0.0,0.0,50.0,,0.0,0.0,0.0,0.0,0.0,0.0,0.0,0.0,0.0,0.0,0.0,0.0,0.0,11.11111111111111,0.0,0.0,8.333333333333334,,33.333333333333336,0.0,0.0,,25.0,12.5,0.0,14.285714285714286,0.0,0.0,0.0,0.0,0.0,0.0,0.0,25.0,0.0,0.0,0.0,0.0,0.0,0.0,0.0,0.0,0.0
125,0.0,33.333333333333336,0.0,0.0,14.285714285714286,16.666666666666668,0.0,0.0,0.0,14.285714285714286,,0.0,16.666666666666668,33.333333333333336,0.0,0.0,0.0,,0.0,0.0,,0.0,,0.0,0.0,0.0,0.0,0.0,0.0,0.0,0.0,0.0,0.0,16.666666666666668,0.0,11.11111111111111,0.0,33.333333333333336,0.0,0.0,0.0,0.0,0.0,0.0,14.285714285714286,,0.0,0.0,,0.0,14.285714285714286,0.0,0.0,14.285714285714286,0.0,0.0,,0.0,0.0,20.0,0.0,0.0,33.333333333333336,16.666666666666668,0.0,0.0,0.0,25.0,0.0,14.285714285714286,0.0,0.0,,0.0,0.0,0.0,0.0,0.0,,0.0,0.0,0.0,0.0,0.0,14.285714285714286,0.0,20.0,0.0,25.0,0.0,0.0,0.0,0.0,0.0,0.0,20.0,0.0,16.666666666666668,0.0,16.666666666666668
126,0.0,0.0,0.0,0.0,16.666666666666668,0.0,0.0,0.0,0.0,20.0,,44.44444444444444,0.0,0.0,0.0,0.0,20.0,,20.0,0.0,,0.0,0.0,0.0,40.0,0.0,0.0,33.333333333333336,0.0,0.0,0.0,16.666666666666668,0.0,20.0,0.0,0.0,0.0,0.0,0.0,0.0,,0.0,0.0,0.0,0.0,,,25.0,,0.0,0.0,33.333333333333336,0.0,0.0,0.0,28.571428571428573,,0.0,0.0,0.0,25.0,0.0,0.0,0.0,0.0,0.0,0.0,0.0,33.333333333333336,0.0,0.0,0.0,0.0,0.0,11.11111111111111,0.0,,0.0,,14.285714285714286,0.0,16.666666666666668,14.285714285714286,0.0,0.0,0.0,0.0,28.571428571428573,0.0,0.0,0.0,20.0,0.0,,0.0,14.285714285714286,0.0,0.0,0.0,0.0
127,33.333333333333336,0.0,0.0,0.0,12.5,0.0,0.0,0.0,0.0,0.0,,0.0,0.0,25.0,0.0,0.0,0.0,0.0,0.0,80.0,,0.0,0.0,0.0,40.0,37.5,0.0,,0.0,0.0,0.0,0.0,0.0,0.0,0.0,,0.0,0.0,0.0,0.0,,0.0,0.0,0.0,0.0,,50.0,0.0,,0.0,0.0,11.11111111111111,,25.0,,16.666666666666668,,0.0,,0.0,11.11111111111111,0.0,0.0,0.0,33.333333333333336,0.0,0.0,0.0,0.0,10.0,0.0,25.0,0.0,0.0,0.0,40.0,,0.0,,0.0,0.0,60.0,0.0,0.0,0.0,0.0,0.0,16.666666666666668,12.5,0.0,11.11111111111111,0.0,0.0,,0.0,0.0,0.0,0.0,0.0,0.0
128,20.0,0.0,0.0,0.0,0.0,0.0,0.0,14.285714285714286,0.0,0.0,,0.0,0.0,12.5,0.0,,0.0,0.0,20.0,14.285714285714286,,0.0,0.0,0.0,0.0,0.0,0.0,33.333333333333336,25.0,0.0,,0.0,0.0,0.0,0.0,0.0,,0.0,0.0,0.0,0.0,,0.0,0.0,0.0,,50.0,12.5,,16.666666666666668,0.0,0.0,50.0,0.0,0.0,0.0,,0.0,0.0,0.0,0.0,12.5,0.0,0.0,20.0,0.0,11.11111111111111,0.0,0.0,33.333333333333336,0.0,0.0,0.0,0.0,0.0,0.0,,0.0,,0.0,0.0,0.0,0.0,0.0,0.0,0.0,0.0,0.0,0.0,0.0,0.0,16.666666666666668,11.11111111111111,,20.0,0.0,0.0,0.0,0.0,
129,0.0,40.0,0.0,0.0,50.0,0.0,0.0,0.0,0.0,0.0,,0.0,20.0,0.0,,0.0,25.0,0.0,0.0,,,0.0,0.0,28.571428571428573,40.0,0.0,0.0,20.0,11.11111111111111,14.285714285714286,0.0,0.0,0.0,16.666666666666668,0.0,11.11111111111111,0.0,0.0,0.0,,0.0,0.0,0.0,16.666666666666668,0.0,,0.0,14.285714285714286,,0.0,0.0,0.0,0.0,0.0,,0.0,,0.0,27.272727272727273,0.0,0.0,0.0,0.0,0.0,0.0,,0.0,0.0,20.0,0.0,0.0,0.0,0.0,0.0,0.0,0.0,,0.0,,11.11111111111111,0.0,10.0,16.666666666666668,0.0,14.285714285714286,0.0,0.0,0.0,0.0,0.0,0.0,0.0,0.0,,0.0,0.0,0.0,0.0,0.0,0.0
130,0.0,0.0,28.571428571428573,0.0,25.0,0.0,0.0,0.0,0.0,0.0,,0.0,0.0,0.0,,0.0,0.0,,,0.0,,0.0,0.0,0.0,20.0,0.0,0.0,0.0,0.0,0.0,,0.0,16.666666666666668,11.11111111111111,0.0,0.0,0.0,0.0,0.0,0.0,0.0,14.285714285714286,0.0,10.0,,,0.0,0.0,,0.0,0.0,16.666666666666668,0.0,0.0,0.0,0.0,,16.666666666666668,33.333333333333336,0.0,0.0,0.0,0.0,0.0,0.0,,0.0,16.666666666666668,0.0,0.0,0.0,0.0,0.0,0.0,0.0,0.0,,0.0,,,0.0,0.0,0.0,0.0,0.0,0.0,0.0,0.0,16.666666666666668,0.0,0.0,12.5,0.0,,0.0,0.0,40.0,0.0,0.0,0.0
131,0.0,0.0,0.0,0.0,0.0,16.666666666666668,,0.0,0.0,0.0,,33.333333333333336,20.0,0.0,,0.0,14.285714285714286,,,50.0,,16.666666666666668,0.0,0.0,0.0,0.0,0.0,0.0,0.0,0.0,0.0,0.0,0.0,0.0,0.0,100.0,0.0,,0.0,0.0,0.0,0.0,0.0,12.5,14.285714285714286,,28.571428571428573,0.0,,0.0,0.0,0.0,0.0,33.333333333333336,,0.0,,25.0,0.0,0.0,0.0,0.0,,0.0,25.0,0.0,28.571428571428573,0.0,50.0,0.0,0.0,0.0,0.0,25.0,0.0,0.0,,0.0,,,33.333333333333336,0.0,33.333333333333336,0.0,0.0,0.0,50.0,0.0,0.0,12.5,25.0,0.0,0.0,,0.0,0.0,0.0,0.0,0.0,0.0
132,25.0,0.0,0.0,9.090909090909092,0.0,,0.0,0.0,0.0,0.0,,0.0,,33.333333333333336,,,0.0,,,25.0,,,0.0,0.0,0.0,0.0,0.0,10.0,20.0,33.333333333333336,0.0,0.0,0.0,0.0,,25.0,0.0,,0.0,0.0,0.0,20.0,0.0,0.0,33.333333333333336,,,0.0,,0.0,0.0,40.0,50.0,0.0,0.0,0.0,,0.0,0.0,16.666666666666668,16.666666666666668,,0.0,0.0,0.0,0.0,0.0,20.0,,0.0,0.0,0.0,0.0,0.0,0.0,0.0,,0.0,,0.0,0.0,0.0,0.0,0.0,16.666666666666668,0.0,0.0,,,0.0,0.0,0.0,16.666666666666668,,0.0,0.0,0.0,18.181818181818183,0.0,0.0
133,0.0,0.0,0.0,,,,16.666666666666668,0.0,0.0,20.0,,33.333333333333336,,0.0,,,20.0,,,0.0,,0.0,0.0,0.0,0.0,0.0,0.0,0.0,0.0,0.0,0.0,14.285714285714286,0.0,0.0,0.0,0.0,0.0,,0.0,,25.0,,0.0,0.0,14.285714285714286,,,0.0,,0.0,25.0,20.0,12.5,0.0,0.0,33.333333333333336,,0.0,0.0,0.0,0.0,0.0,14.285714285714286,33.333333333333336,25.0,0.0,0.0,0.0,,25.0,0.0,0.0,0.0,0.0,0.0,0.0,,11.11111111111111,,0.0,16.666666666666668,0.0,0.0,28.571428571428573,0.0,0.0,16.666666666666668,,0.0,0.0,0.0,0.0,0.0,,0.0,0.0,14.285714285714286,0.0,0.0,10.0
134,,14.285714285714286,0.0,,0.0,,0.0,0.0,0.0,0.0,,0.0,,0.0,,,0.0,,,0.0,,0.0,0.0,0.0,0.0,0.0,0.0,0.0,0.0,0.0,12.5,0.0,0.0,0.0,0.0,27.272727272727273,,,0.0,,0.0,,0.0,16.666666666666668,20.0,,,0.0,,0.0,0.0,0.0,0.0,0.0,,10.0,,0.0,,0.0,0.0,0.0,0.0,0.0,11.11111111111111,0.0,0.0,0.0,,0.0,0.0,10.0,0.0,0.0,12.5,0.0,,,,16.666666666666668,28.571428571428573,0.0,11.11111111111111,16.666666666666668,,,0.0,,33.333333333333336,0.0,0.0,0.0,0.0,,20.0,0.0,0.0,0.0,0.0,16.666666666666668
135,0.0,0.0,0.0,,0.0,,0.0,7.6923076923076925,20.0,0.0,,20.0,,8.333333333333334,,,50.0,,,,,0.0,0.0,0.0,0.0,0.0,0.0,,0.0,0.0,0.0,0.0,0.0,0.0,0.0,0.0,0.0,,0.0,0.0,0.0,,0.0,0.0,0.0,,,33.333333333333336,,0.0,16.666666666666668,0.0,0.0,14.285714285714286,,0.0,,14.285714285714286,11.11111111111111,0.0,0.0,0.0,20.0,0.0,33.333333333333336,0.0,0.0,33.333333333333336,,0.0,0.0,0.0,0.0,0.0,0.0,50.0,,0.0,,0.0,16.666666666666668,0.0,0.0,0.0,,,12.5,,20.0,14.285714285714286,0.0,0.0,14.285714285714286,,0.0,12.5,0.0,11.11111111111111,0.0,0.0
136,0.0,33.333333333333336,0.0,,0.0,,12.5,0.0,0.0,20.0,,0.0,,0.0,,,0.0,,,0.0,,,0.0,12.5,,12.5,14.285714285714286,0.0,33.333333333333336,,0.0,0.0,0.0,0.0,33.333333333333336,0.0,0.0,,0.0,0.0,25.0,,,0.0,0.0,,,0.0,,0.0,0.0,0.0,25.0,16.666666666666668,,0.0,,0.0,0.0,0.0,0.0,15.384615384615385,0.0,0.0,0.0,0.0,0.0,,,0.0,12.5,0.0,0.0,,0.0,0.0,,0.0,,14.285714285714286,0.0,0.0,12.5,0.0,,,0.0,,0.0,0.0,0.0,,0.0,,0.0,0.0,14.285714285714286,,0.0,0.0
137,0.0,0.0,0.0,,0.0,,28.571428571428573,16.666666666666668,0.0,0.0,,0.0,,0.0,,,0.0,,,11.11111111111111,,0.0,,25.0,,0.0,0.0,0.0,20.0,,14.285714285714286,0.0,25.0,0.0,40.0,0.0,0.0,,0.0,0.0,0.0,,,50.0,0.0,,,0.0,,0.0,0.0,0.0,0.0,0.0,,0.0,,0.0,33.333333333333336,0.0,50.0,0.0,0.0,0.0,25.0,0.0,0.0,,,0.0,16.666666666666668,25.0,0.0,0.0,11.11111111111111,0.0,,0.0,,0.0,0.0,0.0,40.0,0.0,,,16.666666666666668,,25.0,0.0,0.0,,9.090909090909092,,33.333333333333336,0.0,0.0,,50.0,0.0
138,20.0,0.0,0.0,,0.0,,0.0,,0.0,0.0,,0.0,,0.0,,,0.0,,,12.5,,0.0,0.0,14.285714285714286,,33.333333333333336,0.0,0.0,50.0,0.0,0.0,0.0,0.0,0.0,12.5,0.0,0.0,,20.0,0.0,25.0,,,0.0,0.0,,,0.0,,33.333333333333336,0.0,0.0,0.0,0.0,,0.0,,0.0,0.0,0.0,0.0,0.0,0.0,,0.0,0.0,0.0,,,0.0,15.384615384615385,0.0,0.0,0.0,0.0,0.0,,0.0,,20.0,0.0,,0.0,0.0,,,0.0,,0.0,0.0,12.5,,,,0.0,0.0,0.0,,9.090909090909092,0.0
139,0.0,0.0,16.666666666666668,,0.0,,0.0,0.0,0.0,0.0,,0.0,,0.0,,,0.0,,,0.0,,0.0,0.0,0.0,,10.0,0.0,0.0,0.0,20.0,,0.0,0.0,11.11111111111111,0.0,0.0,,,0.0,,0.0,,,0.0,33.333333333333336,,,,,0.0,0.0,,14.285714285714286,0.0,,0.0,,0.0,0.0,0.0,0.0,0.0,0.0,0.0,0.0,0.0,33.333333333333336,,,0.0,0.0,0.0,0.0,0.0,0.0,,,0.0,,0.0,0.0,,0.0,25.0,,,20.0,,0.0,0.0,0.0,,0.0,,0.0,0.0,33.333333333333336,,0.0,
140,0.0,0.0,0.0,,0.0,,0.0,0.0,,0.0,,0.0,,0.0,,,0.0,,,0.0,,0.0,0.0,0.0,,0.0,,12.5,0.0,,,12.5,16.666666666666668,0.0,25.0,0.0,,,100.0,0.0,0.0,,,0.0,0.0,,,0.0,,16.666666666666668,,0.0,0.0,0.0,,0.0,,0.0,0.0,28.571428571428573,0.0,0.0,,20.0,25.0,0.0,0.0,,,14.285714285714286,,0.0,0.0,12.5,0.0,0.0,,0.0,,0.0,0.0,,0.0,25.0,,,0.0,,16.666666666666668,,25.0,,12.5,,0.0,0.0,0.0,,0.0,0.0
141,20.0,0.0,0.0,,16.666666666666668,,0.0,0.0,,,,0.0,,0.0,,,0.0,,,0.0,,0.0,8.333333333333334,0.0,,,,0.0,0.0,,,0.0,,12.5,0.0,0.0,,,0.0,0.0,0.0,,,0.0,0.0,,,0.0,,0.0,20.0,12.5,0.0,0.0,,14.285714285714286,,20.0,,0.0,0.0,0.0,,12.5,0.0,0.0,0.0,,,,,0.0,,0.0,0.0,0.0,,0.0,,40.0,0.0,,0.0,60.0,,,0.0,,0.0,0.0,0.0,,25.0,,0.0,0.0,0.0,,0.0,0.0
142,0.0,0.0,25.0,,0.0,,0.0,0.0,,,,11.11111111111111,,8.333333333333334,,,100.0,,,0.0,,20.0,0.0,0.0,,0.0,,0.0,0.0,,,0.0,,18.181818181818183,0.0,0.0,,,20.0,0.0,0.0,,,0.0,0.0,,,0.0,,0.0,0.0,0.0,0.0,0.0,,0.0,,0.0,,0.0,0.0,0.0,,16.666666666666668,0.0,0.0,0.0,,,,,0.0,0.0,0.0,0.0,20.0,,0.0,,0.0,0.0,,0.0,33.333333333333336,,,40.0,,0.0,0.0,,,0.0,,0.0,0.0,0.0,,0.0,0.0
143,0.0,0.0,0.0,,,,16.666666666666668,0.0,,,,,,0.0,,,0.0,,,16.666666666666668,,0.0,11.11111111111111,0.0,,18.181818181818183,,0.0,0.0,,,14.285714285714286,16.666666666666668,0.0,0.0,0.0,,,0.0,0.0,40.0,,,0.0,0.0,,,0.0,,0.0,0.0,0.0,20.0,0.0,,0.0,,0.0,,0.0,0.0,0.0,,0.0,20.0,0.0,0.0,,,,,0.0,0.0,0.0,12.5,0.0,,0.0,,0.0,0.0,,14.285714285714286,0.0,,,0.0,,,0.0,0.0,,0.0,,0.0,0.0,0.0,,0.0,12.5
144,0.0,20.0,0.0,,0.0,,0.0,0.0,,,,12.5,,33.333333333333336,,,0.0,,,0.0,,25.0,0.0,0.0,,0.0,,0.0,0.0,,,0.0,0.0,0.0,0.0,0.0,,,16.666666666666668,0.0,0.0,,,0.0,0.0,,,0.0,,0.0,0.0,0.0,0.0,0.0,,100.0,,0.0,,0.0,16.666666666666668,,,0.0,0.0,,25.0,,,,,,0.0,0.0,0.0,12.5,,0.0,,0.0,0.0,,0.0,0.0,,,12.5,,0.0,0.0,0.0,,7.6923076923076925,,0.0,0.0,0.0,,0.0,0.0
145,100.0,100.0,0.0,,0.0,,0.0,0.0,,,,0.0,,0.0,,,11.11111111111111,,,0.0,,0.0,,16.666666666666668,,0.0,,0.0,0.0,,,0.0,0.0,16.666666666666668,0.0,,,,0.0,16.666666666666668,0.0,,,0.0,0.0,,,0.0,,0.0,25.0,0.0,0.0,0.0,,0.0,,0.0,,7.6923076923076925,0.0,,,0.0,0.0,,0.0,,,,,,33.333333333333336,33.333333333333336,0.0,0.0,,0.0,,0.0,0.0,,0.0,20.0,,,0.0,,,0.0,33.333333333333336,,0.0,,14.285714285714286,0.0,0.0,,11.11111111111111,0.0
146,0.0,0.0,0.0,,33.333333333333336,,0.0,0.0,,,,0.0,,14.285714285714286,,,,,,0.0,,25.0,,0.0,,0.0,,33.333333333333336,0.0,,,,0.0,0.0,0.0,,,,0.0,0.0,,,,0.0,0.0,,,16.666666666666668,,0.0,0.0,,0.0,50.0,,0.0,,0.0,,25.0,0.0,,,0.0,0.0,,0.0,,,,,,11.11111111111111,0.0,,0.0,,0.0,,0.0,0.0,,0.0,0.0,,,0.0,,0.0,0.0,,,0.0,,0.0,0.0,40.0,,16.666666666666668,0.0
147,0.0,0.0,0.0,,,,0.0,0.0,,,,0.0,,0.0,,,,,,25.0,,0.0,,0.0,,0.0,,16.666666666666668,12.5,,,,0.0,0.0,0.0,,,,0.0,0.0,0.0,,,0.0,0.0,,,0.0,,0.0,0.0,,0.0,0.0,,,,0.0,,40.0,0.0,,,20.0,0.0,,0.0,,,,,,20.0,20.0,14.285714285714286,0.0,,0.0,,0.0,0.0,,,0.0,,,0.0,,0.0,0.0,0.0,,11.11111111111111,,0.0,0.0,0.0,,0.0,0.0
148,33.333333333333336,0.0,9.090909090909092,,,,0.0,,,,,0.0,,,,,,,,0.0,,0.0,,0.0,,0.0,,,,,,,0.0,0.0,28.571428571428573,,,,0.0,0.0,0.0,,,0.0,16.666666666666668,,,0.0,,,14.285714285714286,,0.0,0.0,,,,0.0,,0.0,0.0,,,,0.0,,0.0,,,,,,0.0,0.0,0.0,0.0,,0.0,,,33.333333333333336,,0.0,0.0,,,,,0.0,0.0,0.0,,,,0.0,50.0,0.0,,0.0,0.0
149,0.0,0.0,0.0,,,,0.0,0.0,,,,0.0,,0.0,,,,,,0.0,,0.0,,100.0,,0.0,,,,,,,12.5,0.0,0.0,,,,0.0,0.0,0.0,,,0.0,0.0,,,0.0,,0.0,0.0,,0.0,0.0,,,,0.0,,0.0,25.0,,,,42.857142857142854,,0.0,,,,,,16.666666666666668,0.0,14.285714285714286,0.0,,0.0,,,14.285714285714286,,0.0,0.0,,,0.0,,0.0,0.0,14.285714285714286,,,,16.666666666666668,0.0,33.333333333333336,,0.0,
150,20.0,0.0,0.0,,,,0.0,33.333333333333336,,,,0.0,,0.0,,,,,,,,0.0,,0.0,,0.0,,,0.0,,,,0.0,10.0,0.0,,,,0.0,0.0,11.11111111111111,,,0.0,0.0,,,0.0,,0.0,,,0.0,0.0,,,,28.571428571428573,,0.0,0.0,,,,33.333333333333336,,0.0,,,,,,0.0,0.0,0.0,,,0.0,,,0.0,,0.0,0.0,,,10.0,,0.0,0.0,0.0,,,,0.0,0.0,25.0,,0.0,
151,0.0,0.0,0.0,,,,0.0,0.0,,,,0.0,,,,,,,,0.0,,10.0,,0.0,,0.0,,,0.0,,,,0.0,0.0,,,,,11.11111111111111,0.0,0.0,,,0.0,20.0,,,,,0.0,0.0,,0.0,0.0,,,,25.0,,0.0,0.0,,,,0.0,,0.0,,,,,,0.0,100.0,20.0,0.0,,,,,0.0,,20.0,20.0,,,0.0,,,16.666666666666668,0.0,,,,0.0,0.0,,,0.0,
152,0.0,20.0,0.0,,,,0.0,0.0,,,,20.0,,0.0,,,,,,25.0,,,,0.0,,40.0,,,0.0,,,,0.0,,0.0,,,,0.0,0.0,0.0,,,,50.0,,,0.0,,0.0,0.0,,,20.0,,,,0.0,,10.0,,,,,0.0,,0.0,,,,,,0.0,0.0,,0.0,,,,,0.0,,0.0,0.0,,,14.285714285714286,,0.0,66.66666666666667,0.0,,,,0.0,0.0,,,0.0,
153,0.0,0.0,0.0,,,,0.0,,,,,0.0,,0.0,,,,,,50.0,,,,0.0,,,,,,,,,0.0,,16.666666666666668,,,,0.0,16.666666666666668,0.0,,,,33.333333333333336,,,25.0,,0.0,0.0,,25.0,0.0,,,,0.0,,0.0,33.333333333333336,,,,0.0,,14.285714285714286,,,,,,0.0,0.0,0.0,0.0,,,,,25.0,,14.285714285714286,0.0,,,0.0,,0.0,0.0,0.0,,,,0.0,16.666666666666668,,,0.0,
154,0.0,0.0,16.666666666666668,,,,,,,,,0.0,,,,,,,,0.0,,,,0.0,,,,,,,,,0.0,,28.571428571428573,,,,0.0,0.0,0.0,,,,0.0,,,0.0,,0.0,14.285714285714286,,0.0,0.0,,,,0.0,,50.0,14.285714285714286,,,,,,0.0,,,,,,0.0,0.0,14.285714285714286,0.0,,,,,0.0,,0.0,50.0,,,0.0,,0.0,0.0,0.0,,,,0.0,0.0,,,0.0,
155,0.0,0.0,0.0,,,,,,,,,,,,,,,,,0.0,,,,0.0,,,,,,,,,0.0,,20.0,,,,0.0,0.0,0.0,,,,0.0,,,,,0.0,0.0,,12.5,0.0,,,,0.0,,0.0,0.0,,,,0.0,,0.0,,,,,,,0.0,0.0,0.0,,,,,0.0,,16.666666666666668,0.0,,,0.0,,0.0,11.11111111111111,0.0,,,,12.5,,,,0.0,
156,,0.0,0.0,,,,,,,,,28.571428571428573,,,,,,,,0.0,,,,0.0,,,,,,,,,0.0,,14.285714285714286,,,,0.0,0.0,14.285714285714286,,,,0.0,,,0.0,,0.0,0.0,,0.0,0.0,,,,0.0,,0.0,14.285714285714286,,,,33.333333333333336,,0.0,,,,,,,0.0,0.0,0.0,,,,,0.0,,22.22222222222222,20.0,,,0.0,,,16.666666666666668,0.0,,,,0.0,0.0,,,0.0,
157,0.0,0.0,,,,,,,,,,0.0,,,,,,,,0.0,,,,0.0,,,,,,,,,0.0,,,,,,,33.333333333333336,,,,,33.333333333333336,,,0.0,,,0.0,,0.0,,,,,0.0,,14.285714285714286,,,,,12.5,,0.0,,,,,,,0.0,,40.0,,,,,0.0,,,33.333333333333336,,,0.0,,,0.0,14.285714285714286,,,,0.0,0.0,,,0.0,
158,0.0,0.0,,,,,,,,,,0.0,,,,,,,,0.0,,,,0.0,,,,,,,,,0.0,,,,,,,0.0,0.0,,,,0.0,,,20.0,,0.0,0.0,,0.0,14.285714285714286,,,,0.0,,0.0,,,,,0.0,,0.0,,,,,,,0.0,0.0,0.0,,,,,0.0,,,0.0,,,,,,0.0,0.0,,,,0.0,28.571428571428573,,,0.0,
159,0.0,0.0,,,,,,,,,,0.0,,,,,,,,0.0,,,,0.0,,,,,,,,,0.0,,,,,,,0.0,14.285714285714286,,,,,,,0.0,,0.0,0.0,,0.0,0.0,,,,0.0,,0.0,,,,,,,25.0,,,,,,,0.0,66.66666666666667,0.0,,,,,0.0,,,,,,0.0,,,0.0,16.666666666666668,,,,0.0,50.0,,,0.0,
160,28.571428571428573,0.0,,,,,,,,,,,,,,,,,,0.0,,,,0.0,,,,,,,,,0.0,,,,,,,,0.0,,,,,,,0.0,,12.5,0.0,,0.0,0.0,,,,0.0,,0.0,,,,,0.0,,40.0,,,,,,,0.0,0.0,0.0,,,,,0.0,,,20.0,,,0.0,,,0.0,75.0,,,,,,,,0.0,
161,0.0,16.666666666666668,,,,,,,,,,,,,,,,,,0.0,,,,0.0,,,,,,,,,0.0,,,,,,,,0.0,,,,,,,10.0,,0.0,25.0,,16.666666666666668,25.0,,,,28.571428571428573,,0.0,,,,,0.0,,0.0,,,,,,,0.0,0.0,0.0,,,,,0.0,,,0.0,,,10.0,,,0.0,0.0,,,,,,,,0.0,
162,0.0,0.0,,,,,,,,,,,,,,,,,,0.0,,,,0.0,,,,,,,,,0.0,,,,,,,,20.0,,,,,,,0.0,,0.0,0.0,,0.0,11.11111111111111,,,,0.0,,0.0,,,,,0.0,,0.0,,,,,,,9.090909090909092,0.0,0.0,,,,,0.0,,,16.666666666666668,,,0.0,,,0.0,0.0,,,,,,,,0.0,
163,16.666666666666668,0.0,,,,,,,,,,,,,,,,,,0.0,,,,0.0,,,,,,,,,50.0,,,,,,,,0.0,,,,,,,0.0,,0.0,0.0,,0.0,0.0,,,,0.0,,0.0,,,,,0.0,,0.0,,,,,,,0.0,0.0,0.0,,,,,0.0,,,0.0,,,0.0,,,0.0,33.333333333333336,,,,,,,,0.0,
164,0.0,12.5,,,,,,,,,,,,,,,,,,0.0,,,,0.0,,,,,,,,,0.0,,,,,,,,14.285714285714286,,,,,,,11.11111111111111,,0.0,0.0,,0.0,0.0,,,,0.0,,0.0,,,,,8.333333333333334,,0.0,,,,,,,0.0,,37.5,,,,,0.0,,,0.0,,,0.0,,,0.0,33.333333333333336,,,,,,,,0.0,
165,0.0,0.0,,,,,,,,,,,,,,,,,,22.22222222222222,,,,0.0,,,,,,,,,0.0,,,,,,,,0.0,,,,,,,16.666666666666668,,20.0,,,0.0,0.0,,,,0.0,,0.0,,,,,,,0.0,,,,,,,0.0,,0.0,,,,,,,,11.11111111111111,,,0.0,,,0.0,,,,,,,,,75.0,
166,12.5,16.666666666666668,,,,,,,,,,,,,,,,,,0.0,,,,,,,,,,,,,0.0,,,,,,,,0.0,,,,,,,0.0,,0.0,,,14.285714285714286,0.0,,,,0.0,,0.0,,,,,,,0.0,,,,,,,0.0,,0.0,,,,,0.0,,,0.0,,,0.0,,,0.0,,,,,,,,,0.0,
167,33.333333333333336,0.0,,,,,,,,,,,,,,,,,,25.0,,,,0.0,,,,,,,,,0.0,,,,,,,,,,,,,,,0.0,,0.0,,,28.571428571428573,,,,,11.11111111111111,,0.0,,,,,,,0.0,,,,,,,,,0.0,,,,,33.333333333333336,,,10.0,,,0.0,,,0.0,,,,,,,,,0.0,
168,0.0,0.0,,,,,,,,,,,,,,,,,,0.0,,,,0.0,,,,,,,,,0.0,,,,,,,,,,,,,,,33.333333333333336,,0.0,,,0.0,,,,,0.0,,0.0,,,,,,,0.0,,,,,,,0.0,,,,,,,28.571428571428573,,,0.0,,,0.0,,,20.0,,,,,,,,,0.0,
169,0.0,0.0,,,,,,,,,,,,,,,,,,0.0,,,,0.0,,,,,,,,,0.0,,,,,,,,,,,,,,,0.0,,12.5,,,20.0,,,,,,,0.0,,,,,,,,,,,,,,50.0,,,,,,,33.333333333333336,,,0.0,,,,,,0.0,,,,,,,,,0.0,
170,0.0,,,,,,,,,,,,,,,,,,,0.0,,,,0.0,,,,,,,,,0.0,,,,,,,,,,,,,,,0.0,,0.0,,,0.0,,,,,,,0.0,,,,,,,0.0,,,,,,,,,,,,,,0.0,,,,,,,,,0.0,,,,,,,,,0.0,
171,25.0,,,,,,,,,,,,,,,,,,,0.0,,,,0.0,,,,,,,,,0.0,,,,,,,,,,,,,,,25.0,,0.0,,,0.0,,,,,,,0.0,,,,,,,0.0,,,,,,,0.0,,,,,,,0.0,,,,,,,,,0.0,,,,,,,,,0.0,
172,0.0,,,,,,,,,,,,,,,,,,,0.0,,,,0.0,,,,,,,,,,,,,,,,,,,,,,,,20.0,,0.0,,,0.0,,,,,,,0.0,,,,,,,,,,,,,,0.0,,,,,,,33.333333333333336,,,,,,,,,12.5,,,,,,,,,0.0,
173,12.5,,,,,,,,,,,,,,,,,,,9.090909090909092,,,,0.0,,,,,,,,,,,,,,,,,,,,,,,,0.0,,0.0,,,0.0,,,,,,,25.0,,,,,,,,,,,,,,0.0,,,,,,,0.0,,,,,,,,,,,,,,,,,,0.0,
174,0.0,,,,,,,,,,,,,,,,,,,25.0,,,,25.0,,,,,,,,,,,,,,,,,,,,,,,,,,0.0,,,0.0,,,,,,,,,,,,,,,,,,,,,0.0,,,,,,,0.0,,,,,,,,,,,,,,,,,,22.22222222222222,
175,0.0,,,,,,,,,,,,,,,,,,,14.285714285714286,,,,0.0,,,,,,,,,,,,,,,,,,,,,,,,0.0,,,,,0.0,,,,,,,,,,,,,,,,,,,,,0.0,,,,,,,25.0,,,,,,,,,,,,,,,,,,0.0,
