"","date","prop_hosp_1-20","prop_hosp_20-45","prop_hosp_45-65","prop_hosp_65-80","prop_hosp_80+","prop_prev_pat_1-20","prop_prev_pat_20-45","prop_prev_pat_45-65","prop_prev_pat_65-80","prop_prev_pat_80+","prop_prev_HCW"
"1",2019-12-30,0.0534962064960505,0.0962966387185873,0.159096030833415,0.315314430338786,0.375796693613161,0,0,0,0,0,0
"2",2019-12-31,0.0534962064960505,0.0962966387185873,0.159096030833415,0.315314430338786,0.375796693613161,0,0,0,0,0,0
"3",2020-01-01,0.0534962064960505,0.0962966387185873,0.159096030833415,0.315314430338786,0.375796693613161,0,0,0,0,0,0
"4",2020-01-02,0.0534962064960505,0.0962966387185873,0.159096030833415,0.315314430338786,0.375796693613161,0,0,0,0,0,0
"5",2020-01-03,0.0534962064960505,0.0962966387185873,0.159096030833415,0.315314430338786,0.375796693613161,0,0,0,0,0,0
"6",2020-01-04,0.0534962064960505,0.0962966387185873,0.159096030833415,0.315314430338786,0.375796693613161,0,0,0,0,0,0
"7",2020-01-05,0.0534962064960505,0.0962966387185873,0.159096030833415,0.315314430338786,0.375796693613161,0,0,0,0,0,0
"8",2020-01-06,0.0534962064960505,0.0962966387185873,0.159096030833415,0.315314430338786,0.375796693613161,0,0,0,0,0,0
"9",2020-01-07,0.0534962064960505,0.0962966387185873,0.159096030833415,0.315314430338786,0.375796693613161,0,0,0,0,0,0
"10",2020-01-08,0.0534962064960505,0.0962966387185873,0.159096030833415,0.315314430338786,0.375796693613161,0,0,0,0,0,0
"11",2020-01-09,0.0534962064960505,0.0962966387185873,0.159096030833415,0.315314430338786,0.375796693613161,0,0,0,0,0,0
"12",2020-01-10,0.0534962064960505,0.0962966387185873,0.159096030833415,0.315314430338786,0.375796693613161,0,0,0,0,0,0
"13",2020-01-11,0.0534962064960505,0.0962966387185873,0.159096030833415,0.315314430338786,0.375796693613161,0,0,0,0,0,0
"14",2020-01-12,0.0534962064960505,0.0962966387185873,0.159096030833415,0.315314430338786,0.375796693613161,0,0,0,0,0,0
"15",2020-01-13,0.0534962064960505,0.0962966387185873,0.159096030833415,0.315314430338786,0.375796693613161,0,0,0,0,0,0
"16",2020-01-14,0.0534962064960505,0.0962966387185873,0.159096030833415,0.315314430338786,0.375796693613161,0,0,0,0,0,0
"17",2020-01-15,0.0534962064960505,0.0962966387185873,0.159096030833415,0.315314430338786,0.375796693613161,0,0,0,0,0,0
"18",2020-01-16,0.0534962064960505,0.0962966387185873,0.159096030833415,0.315314430338786,0.375796693613161,0,0,0,0,0,0
"19",2020-01-17,0.0534962064960505,0.0962966387185873,0.159096030833415,0.315314430338786,0.375796693613161,0,0,0,0,0,0
"20",2020-01-18,0.0534962064960505,0.0962966387185873,0.159096030833415,0.315314430338786,0.375796693613161,0,0,0,0,0,0
"21",2020-01-19,0.0534962064960505,0.0962966387185873,0.159096030833415,0.315314430338786,0.375796693613161,0,0,0,0,0,0
"22",2020-01-20,0.0534962064960505,0.0962966387185873,0.159096030833415,0.315314430338786,0.375796693613161,0,0,0,0,0,0
"23",2020-01-21,0.0534962064960505,0.0962966387185873,0.159096030833415,0.315314430338786,0.375796693613161,0,0,0,0,0,0
"24",2020-01-22,0.0534962064960505,0.0962966387185873,0.159096030833415,0.315314430338786,0.375796693613161,0,0,0,0,0,0
"25",2020-01-23,0.0534962064960505,0.0962966387185873,0.159096030833415,0.315314430338786,0.375796693613161,0,0,0,0,0,0
"26",2020-01-24,0.0534962064960505,0.0962966387185873,0.159096030833415,0.315314430338786,0.375796693613161,0,0,0,0,0,0
"27",2020-01-25,0.0534962064960505,0.0962966387185873,0.159096030833415,0.315314430338786,0.375796693613161,0,0,0,0,0,0
"28",2020-01-26,0.0534962064960505,0.0962966387185873,0.159096030833415,0.315314430338786,0.375796693613161,0,0,0,0,0,0
"29",2020-01-27,0.0534962064960505,0.0962966387185873,0.159096030833415,0.315314430338786,0.375796693613161,0,0,0,0,0,0
"30",2020-01-28,0.0534962064960505,0.0962966387185873,0.159096030833415,0.315314430338786,0.375796693613161,0,0,0,0,0,0
"31",2020-01-29,0.0534962064960505,0.0962966387185873,0.159096030833415,0.315314430338786,0.375796693613161,0,0,0,0,0,0
"32",2020-01-30,0.0534962064960505,0.0962966387185873,0.159096030833415,0.315314430338786,0.375796693613161,0,0,0,0,0,0
"33",2020-01-31,0.0534962064960505,0.0962966387185873,0.159096030833415,0.315314430338786,0.375796693613161,0,0,0,0,0,0
"34",2020-02-01,0.0534962064960505,0.0962966387185873,0.159096030833415,0.315314430338786,0.375796693613161,0,0,0,0,0,0
"35",2020-02-02,0.0534962064960505,0.0962966387185873,0.159096030833415,0.315314430338786,0.375796693613161,0,0,0,0,0,0
"36",2020-02-03,0.0534962064960505,0.0962966387185873,0.159096030833415,0.315314430338786,0.375796693613161,0,0,0,0,0,0
"37",2020-02-04,0.0534962064960505,0.0962966387185873,0.159096030833415,0.315314430338786,0.375796693613161,0,0,0,0,0,0
"38",2020-02-05,0.0534962064960505,0.0962966387185873,0.159096030833415,0.315314430338786,0.375796693613161,0,0,0,0,0,0
"39",2020-02-06,0.0534962064960505,0.0962966387185873,0.159096030833415,0.315314430338786,0.375796693613161,0,0,0,0,0,0
"40",2020-02-07,0.0534962064960505,0.0962966387185873,0.159096030833415,0.315314430338786,0.375796693613161,0,0,0,0,0,0
"41",2020-02-08,0.0534962064960505,0.0962966387185873,0.159096030833415,0.315314430338786,0.375796693613161,0,0,0,0,0,0
"42",2020-02-09,0.0534962064960505,0.0962966387185873,0.159096030833415,0.315314430338786,0.375796693613161,0,0,0,0,0,0
"43",2020-02-10,0.0534962064960505,0.0962966387185873,0.159096030833415,0.315314430338786,0.375796693613161,0,0,0,0,0,0
"44",2020-02-11,0.0534962064960505,0.0962966387185873,0.159096030833415,0.315314430338786,0.375796693613161,0,0,0,0,0,0
"45",2020-02-12,0.0534962064960505,0.0962966387185873,0.159096030833415,0.315314430338786,0.375796693613161,0,0,0,0,0,0
"46",2020-02-13,0.0534962064960505,0.0962966387185873,0.159096030833415,0.315314430338786,0.375796693613161,0,0,0,0,0,0
"47",2020-02-14,0.0534962064960505,0.0962966387185873,0.159096030833415,0.315314430338786,0.375796693613161,0,0,0,0,0,0
"48",2020-02-15,0.0534962064960505,0.0962966387185873,0.159096030833415,0.315314430338786,0.375796693613161,0,0,0,0,0,0
"49",2020-02-16,0.0534962064960505,0.0962966387185873,0.159096030833415,0.315314430338786,0.375796693613161,0,0,0,0,0,0
"50",2020-02-17,0.0534962064960505,0.0962966387185873,0.159096030833415,0.315314430338786,0.375796693613161,6.64238406022525e-07,9.56503304672436e-06,1.52774833385181e-05,1.61409932663473e-05,1.20891389896099e-05,2.48425163852424e-05
"51",2020-02-18,0.0534962064960505,0.0962966387185873,0.159096030833415,0.315314430338786,0.375796693613161,8.62572349188859e-07,1.24210418283196e-05,1.98391640313438e-05,2.09605080852893e-05,1.56988167552372e-05,3.22602058596633e-05
"52",2020-02-19,0.0534962064960505,0.0962966387185873,0.159096030833415,0.315314430338786,0.375796693613161,1.10706401003754e-06,1.59417217445406e-05,2.54624722308634e-05,2.69016554439122e-05,2.01485649826832e-05,4.1404193975404e-05
"53",2020-02-20,0.0534962064960505,0.0962966387185873,0.159096030833415,0.315314430338786,0.375796693613161,1.40276188894008e-06,2.01997712007371e-05,3.22635234456218e-05,3.40871139012439e-05,2.55302663787094e-05,5.24632946463589e-05
"54",2020-02-21,0.0534962064960505,0.0962966387185873,0.159096030833415,0.315314430338786,0.375796693613161,1.77851455944793e-06,2.56106096560502e-05,4.09058348673024e-05,4.32179037945848e-05,3.23689649819524e-05,6.65164445233527e-05
"55",2020-02-22,0.0534962064960505,0.0962966387185873,0.159096030833415,0.315314430338786,0.375796693613161,2.2458614509817e-06,3.23404048941364e-05,5.1654813372579e-05,5.45744332588552e-05,4.08746784078669e-05,8.39952182667154e-05
"56",2020-02-23,0.0534962064960505,0.0962966387185873,0.159096030833415,0.315314430338786,0.375796693613161,2.80336013486379e-06,4.03683859420386e-05,6.44772831018672e-05,6.81216512771902e-05,5.1021154454521e-05,0.000104845669043906
"57",2020-02-24,0.0534962064960505,0.0962966387185873,0.159096030833415,0.315314430338786,0.375796693613161,3.46255004051481e-06,4.98607205834133e-05,7.96386509318406e-05,8.41399659845099e-05,6.30184107373695e-05,0.000129499371515254
"58",2020-02-25,0.0534962064960505,0.0962966387185873,0.159096030833415,0.315314430338786,0.375796693613161,4.25660702751894e-06,6.12951411962727e-05,9.79019616329355e-05,0.00010343555076871,7.74702479008446e-05,0.000159197102829208
"59",2020-02-26,0.0534962064960505,0.0962966387185873,0.159096030833415,0.315314430338786,0.375796693613161,5.1999553826519e-06,7.48793575101874e-05,0.000119598973800994,0.000126358915798441,9.46391879642646e-05,0.000194478331311181
"60",2020-02-27,0.0534962064960505,0.0962966387185873,0.159096030833415,0.315314430338786,0.375796693613161,6.27023746141132e-06,9.02914194443231e-05,0.00014421546161246,0.000152366770312295,0.000114118321797686,0.000234506881056784
"61",2020-02-28,0.0534962064960505,0.0962966387185873,0.159096030833415,0.315314430338786,0.375796693613161,7.54101712635344e-06,0.00010859064661949,0.000173443393906129,0.000183246716170389,0.000137246511699633,0.000282034040525619
"62",2020-02-29,0.0534962064960505,0.0962966387185873,0.159096030833415,0.315314430338786,0.375796693613161,9.08657945437328e-06,0.000130846744142975,0.000208991327450585,0.000220803880741271,0.000165375746069594,0.000339838071593561
"63",2020-03-01,0.0534962064960505,0.0962966387185873,0.159096030833415,0.315314430338786,0.375796693613161,1.08867304439848e-05,0.000156768918393381,0.000250394800211651,0.000264547549788831,0.000198138494080524,0.000407163718605032
"64",2020-03-02,0.0534962064960505,0.0962966387185873,0.159096030833415,0.315314430338786,0.375796693613161,1.30229673154709e-05,0.000187530729342781,0.000299528248255831,0.000316458105765944,0.000237018005141571,0.000487058977598613
"65",2020-03-03,0.0534962064960505,0.0962966387185873,0.159096030833415,0.315314430338786,0.375796693613161,1.51836014616702e-05,0.000218643861048052,0.000349222833618416,0.000368961515518587,0.000276341546602398,0.000567866694666467
"66",2020-03-04,0.0534962064960505,0.0962966387185873,0.159096030833415,0.315314430338786,0.375796693613161,1.85517964366096e-05,0.000267145868687178,0.00042669131804202,0.000450808653409612,0.000337642695146294,0.000693837186729197
"67",2020-03-05,0.0534962064960505,0.0962966387185873,0.159096030833415,0.315314430338786,0.375796693613161,1.944407344077e-05,0.000279994657547088,0.00044721368913771,0.000472490984610711,0.000353882136622014,0.000727208346684799
"68",2020-03-06,0.0534962064960505,0.0962966387185873,0.159096030833415,0.315314430338786,0.375796693613161,2.48320406027287e-05,0.000357581384679293,0.00057113693386276,0.000603418586646307,0.000451943138969662,0.000928718318542052
"69",2020-03-07,0.0534962064960505,0.0962966387185873,0.159096030833415,0.315314430338786,0.375796693613161,2.87407742933413e-05,0.000413867149824115,0.00066103780874685,0.000698400815328194,0.000523082092138812,0.00107490495857097
"70",2020-03-08,0.0534962064960505,0.0962966387185873,0.159096030833415,0.315314430338786,0.375796693613161,3.50676385115947e-05,0.000504973994566963,0.000806555685766678,0.000852143615831751,0.000638231020911023,0.00131152968033364
"71",2020-03-09,0.0534962064960505,0.0962966387185873,0.159096030833415,0.315314430338786,0.375796693613161,4.16263279917503e-05,0.000599419123081205,0.000957405543810258,0.00101151977019953,0.000757599169449856,0.00155682466689146
"72",2020-03-10,0.0534962064960505,0.0962966387185873,0.159096030833415,0.315314430338786,0.375796693613161,4.60025325867023e-05,0.000662436469248513,0.00105805824949415,0.00111786154185687,0.000837246093077982,0.00172049471874267
"73",2020-03-11,0.0534962064960505,0.0962966387185873,0.159096030833415,0.315314430338786,0.375796693613161,5.00726942763976e-05,0.000721046797580126,0.00115167196835715,0.00121676647091646,0.000911323035830437,0.00187271876593727
"74",2020-03-12,0.0534962064960505,0.0962966387185873,0.159096030833415,0.315314430338786,0.375796693613161,5.46723175867976e-05,0.000787281373249885,0.00125746330449634,0.00132853731735918,0.000995036180079715,0.00204474467774623
"75",2020-03-13,0.0534962064960505,0.0962966387185873,0.159096030833415,0.315314430338786,0.375796693613161,6.09915301897057e-05,0.000878278034731762,0.00140280519436323,0.00148209418360985,0.00111004584945264,0.00228108322909499
"76",2020-03-14,0.0534962064960505,0.0962966387185873,0.159096030833415,0.315314430338786,0.375796693613161,6.79545728883096e-05,0.000978545849591658,0.00156295517643112,0.00165129612118592,0.00123677322656723,0.00254150102602278
"77",2020-03-15,0.0534962064960505,0.0962966387185873,0.159096030833415,0.315314430338786,0.375796693613161,7.28403376991374e-05,0.00104890086286758,0.00167532776708016,0.00177002020608904,0.0013256941461243,0.00272422862994774
"78",2020-03-16,0.0534962064960505,0.0962966387185873,0.159096030833415,0.315314430338786,0.375796693613161,7.86669380461597e-05,0.0011328039078647,0.00180933957506167,0.00191160659452168,0.00143173827244011,0.00294214348292637
"79",2020-03-17,0.0534962064960505,0.0962966387185873,0.159096030833415,0.315314430338786,0.375796693613161,8.53394890958084e-05,0.00122888864297964,0.00196280824920359,0.00207374958502814,0.00155317870154371,0.00319169689218323
"80",2020-03-18,0.0534962064960505,0.0962966387185873,0.159096030833415,0.315314430338786,0.375796693613161,9.31253699214272e-05,0.00134100532686855,0.00214188350819283,0.00226294648909068,0.00169488173256998,0.00348288883506138
"81",2020-03-19,0.0534962064960505,0.0962966387185873,0.159096030833415,0.315314430338786,0.375796693613161,9.81015682669848e-05,0.00141266258304458,0.00225633607014065,0.00238386810888773,0.00178544854245912,0.00366899865318523
"82",2020-03-20,0.0534962064960505,0.0962966387185873,0.159096030833415,0.315314430338786,0.375796693613161,9.73184186371548e-05,0.00140138522837503,0.00223832362865456,0.00236483757288286,0.00177119521919622,0.00363970885702959
"83",2020-03-21,0.0534962064960505,0.0962966387185873,0.159096030833415,0.315314430338786,0.375796693613161,0.000117436198874273,0.00169108126378953,0.00270103257410827,0.00285369963264482,0.00213733881951176,0.0043921138378978
"84",2020-03-22,0.0534962064960505,0.0962966387185873,0.159096030833415,0.315314430338786,0.375796693613161,0.000115477278425874,0.00166287280933259,0.0026559774037951,0.00280609786574874,0.00210168646735091,0.00431885021312769
"85",2020-03-23,0.0534962064960505,0.0962966387185873,0.159096030833415,0.315314430338786,0.375796693613161,0.000115441352576016,0.00166235547709463,0.00265515110924837,0.00280522486759719,0.00210103261688349,0.004317506586343
"86",2020-03-24,0.0534962064960505,0.0962966387185873,0.159096030833415,0.315314430338786,0.375796693613161,0.00011602020594768,0.0016706909656466,0.00266846473679665,0.00281929100452863,0.00211156774824778,0.00433915570244324
"87",2020-03-25,0.0534962064960505,0.0962966387185873,0.159096030833415,0.315314430338786,0.375796693613161,0.000111589143337992,0.00160688366406708,0.0025665502967738,0.00271161618311319,0.00203092240875145,0.00417343396084088
"88",2020-03-26,0.0534962064960505,0.0962966387185873,0.159096030833415,0.315314430338786,0.375796693613161,8.34081182757483e-05,0.00155347620288581,0.00290885812486672,0.00242926144478117,0.00192881273512668,0.00446233432775253
"89",2020-03-27,0.0534962064960505,0.0962966387185873,0.159096030833415,0.315314430338786,0.375796693613161,6.78535834204397e-05,0.00134858997048124,0.00244272900313583,0.00276503352438292,0.00197623561712031,0.00379131897361707
"90",2020-03-28,0.0534962064960505,0.0962966387185873,0.159096030833415,0.315314430338786,0.375796693613161,4.31208124854571e-05,0.00122175635375462,0.00250819392623742,0.00258724874912743,0.0020410517909783,0.00372995027999204
"91",2020-03-29,0.0534962064960505,0.0962966387185873,0.159096030833415,0.315314430338786,0.375796693613161,4.11329537648089e-05,0.00128883255129735,0.00244055525671199,0.00239942230294719,0.00178928348876919,0.00372938780800934
"92",2020-03-30,0.0534962064960505,0.0962966387185873,0.159096030833415,0.315314430338786,0.375796693613161,8.36191487425643e-05,0.00121247765676718,0.00204866914419283,0.00241101878874394,0.00193717694586941,0.00326114680096001
"93",2020-03-31,0.0534962064960505,0.0962966387185873,0.159096030833415,0.315314430338786,0.375796693613161,4.18067520498336e-05,0.00102008475001594,0.00200672409839201,0.00232445541397075,0.00193983329511228,0.00302680884840795
"94",2020-04-01,0.0534962064960505,0.0962966387185873,0.159096030833415,0.315314430338786,0.375796693613161,7.31902840742857e-05,0.00107345749975619,0.00206559246165206,0.00187855062457333,0.00182162484807111,0.00313904996140825
"95",2020-04-02,0.0534962064960505,0.0962966387185873,0.159096030833415,0.315314430338786,0.375796693613161,4.87143470719853e-05,0.00107171563558368,0.00183896660196745,0.00162584133352751,0.0016441092136795,0.00291068223755112
"96",2020-04-03,0.0534962064960505,0.0962966387185873,0.159096030833415,0.315314430338786,0.375796693613161,2.22849211500214e-05,0.00112538851807608,0.0017660800011392,0.00149308971705143,0.0016657978559641,0.00289146851921528
"97",2020-04-04,0.0534962064960505,0.0962966387185873,0.159096030833415,0.315314430338786,0.375796693613161,7.40469381647896e-05,0.00109361631751074,0.00189674080068269,0.00129297345872363,0.00148663468161616,0.00299035711819343
"98",2020-04-05,0.0534962064960505,0.0962966387185873,0.159096030833415,0.315314430338786,0.375796693613161,4.60822658903784e-05,0.000990768716643135,0.00165896157205362,0.00107717296518759,0.00143431052583803,0.00264973028869676
"99",2020-04-06,0.0534962064960505,0.0962966387185873,0.159096030833415,0.315314430338786,0.375796693613161,5.16096319352098e-05,0.000989184612091521,0.0017461258804746,0.00116121671854222,0.00130314320636405,0.00273531049256612
"100",2020-04-07,0.0534962064960505,0.0962966387185873,0.159096030833415,0.315314430338786,0.375796693613161,2.05232666088033e-05,0.000933808630700552,0.00160081479548666,0.00104155578039677,0.00128270416305021,0.00253462342618721
"101",2020-04-08,0.0534962064960505,0.0962966387185873,0.159096030833415,0.315314430338786,0.375796693613161,2.91768757695054e-05,0.000816952521546152,0.0016163989176306,0.000939495399778075,0.00110872127924121,0.00243335143917675
"102",2020-04-09,0.0534962064960505,0.0962966387185873,0.159096030833415,0.315314430338786,0.375796693613161,1.34036366658072e-05,0.000804218199948432,0.00142078548657556,0.000889107898831878,0.00119739154214544,0.002225003686524
"103",2020-04-10,0.0534962064960505,0.0962966387185873,0.159096030833415,0.315314430338786,0.375796693613161,4.63479090020372e-05,0.000893852530753574,0.00129774145205704,0.000744877108961311,0.0010163434331161,0.00219159398281061
"104",2020-04-11,0.0534962064960505,0.0962966387185873,0.159096030833415,0.315314430338786,0.375796693613161,5.37031483754886e-05,0.000853597411020925,0.00141041426522994,0.000576602224663141,0.000876209262968499,0.00226401167625086
"105",2020-04-12,0.0534962064960505,0.0962966387185873,0.159096030833415,0.315314430338786,0.375796693613161,4.06198471595155e-05,0.000946950186906206,0.00104342232391006,0.000502670608599005,0.00082001316453272,0.00199037251081626
"106",2020-04-13,0.0534962064960505,0.0962966387185873,0.159096030833415,0.315314430338786,0.375796693613161,3.57568210674319e-05,0.000789400588180997,0.00122948453978016,0.000437333426901667,0.000739891143626091,0.00201888512796116
"107",2020-04-14,0.0534962064960505,0.0962966387185873,0.159096030833415,0.315314430338786,0.375796693613161,5.62131901292086e-05,0.000911902862096051,0.00113363266760571,0.000349770960803965,0.000562131901292086,0.00204553552970176
"108",2020-04-15,0.0534962064960505,0.0962966387185873,0.159096030833415,0.315314430338786,0.375796693613161,4.56115106401682e-05,0.000755847890608501,0.000983905443809342,0.000491952721904671,0.000579917778139281,0.00173975333441784
"109",2020-04-16,0.0534962064960505,0.0962966387185873,0.159096030833415,0.315314430338786,0.375796693613161,2.489758527019e-05,0.000697132387565319,0.000931881048684253,0.000394804566427298,0.000561974067527145,0.00162901343624957
"110",2020-04-17,0.0534962064960505,0.0962966387185873,0.159096030833415,0.315314430338786,0.375796693613161,2.34537091891595e-05,0.000635595519026222,0.000877168723674565,0.000314279703134737,0.00064263163178297,0.00151276424270079
"111",2020-04-18,0.0534962064960505,0.0962966387185873,0.159096030833415,0.315314430338786,0.375796693613161,3.0888728639084e-05,0.000685002982172627,0.000743146471375608,0.000277998557751756,0.000508755530526089,0.00142814945354823
"112",2020-04-19,0.0534962064960505,0.0962966387185873,0.159096030833415,0.315314430338786,0.375796693613161,3.0274602311293e-05,0.000554403654825554,0.000794708310671442,0.000238412493201433,0.000541158516314363,0.001349111965497
"113",2020-04-20,0.0534962064960505,0.0962966387185873,0.159096030833415,0.315314430338786,0.375796693613161,4.99960401731465e-05,0.000583953749222351,0.000815935375625751,0.000201984002299512,0.000479961985662206,0.0013998891248481
"114",2020-04-21,0.0534962064960505,0.0962966387185873,0.159096030833415,0.315314430338786,0.375796693613161,3.57331055573918e-05,0.000528339489312865,0.00072487156987852,0.000199084445248326,0.000426244902006031,0.00125321105919139
"115",2020-04-22,0.0534962064960505,0.0962966387185873,0.159096030833415,0.315314430338786,0.375796693613161,3.01583420310349e-05,0.0004749938869888,0.000635838377820987,0.00018095005218621,0.000510178619358341,0.00111083226480979
"116",2020-04-23,0.0534962064960505,0.0962966387185873,0.159096030833415,0.315314430338786,0.375796693613161,2.24292103251824e-05,0.000352138602105363,0.000545029810901932,0.000237749629446933,0.000435126680308538,0.000897168413007295
"117",2020-04-24,0.0534962064960505,0.0962966387185873,0.159096030833415,0.315314430338786,0.375796693613161,4.47197137619241e-05,0.000335397853214431,0.000512679575627773,0.000172490324510279,0.000351369179557975,0.000848077428842204
"118",2020-04-25,0.0534962064960505,0.0962966387185873,0.159096030833415,0.315314430338786,0.375796693613161,3.2318492634968e-05,0.000389722999421673,0.000585535043033539,0.000146383760758385,0.000380217560411389,0.000975258042455212
"119",2020-04-26,0.0534962064960505,0.0962966387185873,0.159096030833415,0.315314430338786,0.375796693613161,1.08752900673857e-05,0.000338946540433522,0.000364322217257422,0.000145003867565143,0.000328071250366137,0.000703268757690945
"120",2020-04-27,0.0534962064960505,0.0962966387185873,0.159096030833415,0.315314430338786,0.375796693613161,1.14681327212076e-05,0.000424320910684683,0.000577993889148865,0.000176609243906598,0.000311933210016848,0.00100231479983355
"121",2020-04-28,0.0534962064960505,0.0962966387185873,0.159096030833415,0.315314430338786,0.375796693613161,3.59955950776778e-05,0.000316761236683565,0.000525535688134096,0.000187177094403925,0.000374354188807849,0.000842296924817661
"122",2020-04-29,0.0534962064960505,0.0962966387185873,0.159096030833415,0.315314430338786,0.375796693613161,8.1717967417275e-06,0.000367730853377737,0.000441277024053285,0.000253325698993552,0.000335043666410827,0.000809007877431022
"123",2020-04-30,0.0534962064960505,0.0962966387185873,0.159096030833415,0.315314430338786,0.375796693613161,1.21488089290014e-05,0.000264236594205781,0.000324980638850788,0.000200455347328523,0.000370538672334543,0.000589217233056569
"124",2020-05-01,0.0534962064960505,0.0962966387185873,0.159096030833415,0.315314430338786,0.375796693613161,2.43049892774538e-05,0.000304917138208057,0.000346898483323659,0.00013478221326588,0.000324803038525973,0.000651815621531715
"125",2020-05-02,0.0534962064960505,0.0962966387185873,0.159096030833415,0.315314430338786,0.375796693613161,2.66577319738639e-05,0.000315045923327482,0.000382901968351863,0.000135712090048762,0.000290811621533061,0.000697947891679346
"126",2020-05-03,0.0534962064960505,0.0962966387185873,0.159096030833415,0.315314430338786,0.375796693613161,2.64529256847837e-05,0.000312144523080448,0.000370340959586972,0.00012961933585544,0.000343888033902189,0.00068248548266742
"127",2020-05-04,0.0534962064960505,0.0962966387185873,0.159096030833415,0.315314430338786,0.375796693613161,4.47351879838753e-05,0.000316874248219116,0.000421256353514825,0.000141661428615605,0.000328058045215085,0.000738130601733942
"128",2020-05-05,0.0534962064960505,0.0962966387185873,0.159096030833415,0.315314430338786,0.375796693613161,3.74833151560118e-05,0.000224899890936071,0.000262383206092083,0.000154618675018549,0.00025301237730308,0.000487283097028154
"129",2020-05-06,0.0534962064960505,0.0962966387185873,0.159096030833415,0.315314430338786,0.375796693613161,2.46905710187392e-05,0.000358013279771718,0.000399164231469617,0.000119337759923906,0.000403279326639407,0.000757177511241335
"130",2020-05-07,0.0534962064960505,0.0962966387185873,0.159096030833415,0.315314430338786,0.375796693613161,-3.40598132656756e-06,-5.61986918883647e-05,-5.61986918883647e-05,-2.80993459441823e-05,-5.3644205893439e-05,-0.000112397383776729
"131",2020-05-08,0.0534962064960505,0.0962966387185873,0.159096030833415,0.315314430338786,0.375796693613161,2.83509099960102e-05,0.000314222585789114,0.000401637891610145,9.45030333200341e-05,0.000236257583300085,0.000715860477399259
"132",2020-05-09,0.0534962064960505,0.0962966387185873,0.159096030833415,0.315314430338786,0.375796693613161,3.63103539979427e-05,0.000303686597073703,0.000333395068526565,0.00012873670962907,0.000254172477985599,0.000637081665600267
"133",2020-05-10,0.0534962064960505,0.0962966387185873,0.159096030833415,0.315314430338786,0.375796693613161,2.77319669099963e-05,0.000280786164963713,0.000367448561557451,0.000121327355231234,0.000207989751824972,0.000648234726521164
"134",2020-05-11,0.0534962064960505,0.0962966387185873,0.159096030833415,0.315314430338786,0.375796693613161,1.83216568555579e-05,0.000283985681261147,0.000325209409186152,0.000146573254844463,0.0003481114802556,0.000609195090447299
"135",2020-05-12,0.0534962064960505,0.0962966387185873,0.159096030833415,0.315314430338786,0.375796693613161,1.3050615294776e-05,0.00022838576765858,0.000345841305311565,0.000150082075889924,0.000319740074722013,0.000574227072970145
"136",2020-05-13,0.0534962064960505,0.0962966387185873,0.159096030833415,0.315314430338786,0.375796693613161,2.4207688722238e-05,0.000213027660755694,0.00026144303820017,0.000154929207822323,0.000295333802411304,0.000474470698955865
"137",2020-05-14,0.0534962064960505,0.0962966387185873,0.159096030833415,0.315314430338786,0.375796693613161,1.17133888470219e-05,0.000253790091685474,0.000296739184124555,8.98026478271678e-05,0.000234267776940438,0.000550529275810029
"138",2020-05-15,0.0534962064960505,0.0962966387185873,0.159096030833415,0.315314430338786,0.375796693613161,2.32236801405815e-05,0.000195742446899187,0.000242189807180349,0.000139342080843489,0.000298590173236047,0.000437932254079536
"139",2020-05-16,0.0534962064960505,0.0962966387185873,0.159096030833415,0.315314430338786,0.375796693613161,3.78761436227706e-05,0.000242407319185732,0.000204531175562961,8.71151303323723e-05,0.000185593103751576,0.000446938494748693
"140",2020-05-17,0.0534962064960505,0.0962966387185873,0.159096030833415,0.315314430338786,0.375796693613161,2.11632456838365e-05,0.000211632456838365,0.000249726299069271,8.4652982735346e-05,0.000232795702522202,0.000461358755907636
"141",2020-05-18,0.0534962064960505,0.0962966387185873,0.159096030833415,0.315314430338786,0.375796693613161,3.1792427883318e-05,0.00022890548075989,0.000241622451913217,8.26603124966269e-05,0.000209830024029899,0.000470527932673107
"142",2020-05-19,0.0534962064960505,0.0962966387185873,0.159096030833415,0.315314430338786,0.375796693613161,3.14712269373848e-05,0.000194072566113873,0.000283241042436463,8.91684763225903e-05,0.000167846543666052,0.000477313608550336
"143",2020-05-20,0.0534962064960505,0.0962966387185873,0.159096030833415,0.315314430338786,0.375796693613161,1.80046258519807e-05,0.000156040090717166,0.000216055510223768,6.60169614572626e-05,0.000192049342421128,0.000372095600940935
"144",2020-05-21,0.0534962064960505,0.0962966387185873,0.159096030833415,0.315314430338786,0.375796693613161,1.65644946942136e-05,0.000173927194289242,0.000190491688983456,5.2454233198343e-05,0.000115951462859495,0.000364418883272698
"145",2020-05-22,0.0534962064960505,0.0962966387185873,0.159096030833415,0.315314430338786,0.375796693613161,2.47400871205531e-05,0.000191735675184286,0.000171118935917159,5.36035220945317e-05,8.04052831417975e-05,0.000362854611101445
"146",2020-05-23,0.0534962064960505,0.0962966387185873,0.159096030833415,0.315314430338786,0.375796693613161,2.86191587662703e-05,0.000187325402833769,0.000161307985773523,4.94330924144668e-05,6.24418009445896e-05,0.000348633388607292
"147",2020-05-24,0.0534962064960505,0.0962966387185873,0.159096030833415,0.315314430338786,0.375796693613161,1.36655496024857e-05,0.000144854825786349,0.000185851474593806,5.73953083304401e-05,7.92601876944173e-05,0.000330706300380155
"148",2020-05-25,0.0534962064960505,0.0962966387185873,0.159096030833415,0.315314430338786,0.375796693613161,3.03238664093905e-05,0.000161727287516749,0.000141511376577156,4.8012788481535e-05,5.30667662164334e-05,0.000303238664093905
"149",2020-05-26,0.0534962064960505,0.0962966387185873,0.159096030833415,0.315314430338786,0.375796693613161,3.38414507537418e-05,0.000207560897956283,0.000146646286599548,4.96341277721546e-05,3.38414507537418e-05,0.000354207184555831
"150",2020-05-27,0.0534962064960505,0.0962966387185873,0.159096030833415,0.315314430338786,0.375796693613161,1.63259096290136e-05,0.000132939549836253,7.23004569284887e-05,2.09904552373032e-05,6.76359113201991e-05,0.000205240006764742
"151",2020-05-28,0.0534962064960505,0.0962966387185873,0.159096030833415,0.315314430338786,0.375796693613161,2.60535131138625e-05,0.000109099086164299,0.000110727430733916,3.41952359619446e-05,2.93102022530953e-05,0.000219826516898215
"152",2020-05-29,0.0534962064960505,0.0962966387185873,0.159096030833415,0.315314430338786,0.375796693613161,9.07960635317845e-06,7.78251973129582e-05,9.07960635317845e-05,2.59417324376527e-05,3.24271655470659e-05,0.000168621260844743
"153",2020-05-30,0.0534962064960505,0.0962966387185873,0.159096030833415,0.315314430338786,0.375796693613161,2.24745672552202e-05,0.000121016900605032,9.16270818866671e-05,3.28474444499372e-05,3.63050701815096e-05,0.000212643982491699
"154",2020-05-31,0.0534962064960505,0.0962966387185873,0.159096030833415,0.315314430338786,0.375796693613161,4.59609776382847e-06,2.06824399372281e-05,1.76183747613425e-05,3.06406517588564e-06,4.21308961684276e-06,3.83008146985706e-05
"155",2020-06-01,0.0534962064960505,0.0962966387185873,0.159096030833415,0.315314430338786,0.375796693613161,1.42557195380135e-05,9.50381302534235e-05,7.4842527574571e-05,1.66316727943491e-05,1.90076260506847e-05,0.000169880657827995
"156",2020-06-02,0.0534962064960505,0.0962966387185873,0.159096030833415,0.315314430338786,0.375796693613161,1.73895836140125e-05,5.94144106812094e-05,3.91265631315281e-05,1.59404516461781e-05,1.73895836140125e-05,9.85409738127375e-05
"157",2020-06-03,0.0534962064960505,0.0962966387185873,0.159096030833415,0.315314430338786,0.375796693613161,2.14710926728603e-05,8.39324531757266e-05,5.66056079557226e-05,1.56153401257166e-05,2.14710926728603e-05,0.000140538061131449
"158",2020-06-04,0.0534962064960505,0.0962966387185873,0.159096030833415,0.315314430338786,0.375796693613161,-1.6923055536414e-07,-3.38461110728279e-06,-2.28461249741588e-06,-8.46152776820698e-07,-5.92306943774488e-07,-5.66922360469867e-06
"159",2020-06-05,0.0534962064960505,0.0962966387185873,0.159096030833415,0.315314430338786,0.375796693613161,1.45882897306833e-06,1.5885026595633e-05,1.23190002170215e-05,1.62092108118704e-06,2.59347372989926e-06,2.82040268126545e-05
"160",2020-06-06,0.0534962064960505,0.0962966387185873,0.159096030833415,0.315314430338786,0.375796693613161,8.42040244096774e-06,4.01207410422581e-05,3.56628809264516e-05,1.18876269754839e-05,7.92508465032258e-06,7.57836219687097e-05
"161",2020-06-07,0.0534962064960505,0.0962966387185873,0.159096030833415,0.315314430338786,0.375796693613161,3.79337113350288e-06,3.32973688385253e-05,2.44461695270186e-05,7.16525658550544e-06,8.4297136300064e-06,5.77435383655438e-05
"162",2020-06-08,0.0534962064960505,0.0962966387185873,0.159096030833415,0.315314430338786,0.375796693613161,1.03164040061959e-05,5.10661998306697e-05,4.90029190294305e-05,9.8005838058861e-06,3.09492120185877e-06,0.0001000691188601
"163",2020-06-09,0.0534962064960505,0.0962966387185873,0.159096030833415,0.315314430338786,0.375796693613161,7.59752355218911e-06,3.64681130505077e-05,2.5831580077443e-05,8.61052669248099e-06,5.06501570145941e-06,6.22996931279507e-05
"164",2020-06-10,0.0534962064960505,0.0962966387185873,0.159096030833415,0.315314430338786,0.375796693613161,2.71107262852437e-06,9.35320056840907e-06,6.50657430845849e-06,2.03330447139328e-06,1.62664357711462e-06,1.58597748768676e-05
"165",2020-06-11,0.0534962064960505,0.0962966387185873,0.159096030833415,0.315314430338786,0.375796693613161,1.48048106132419e-05,4.85597788114336e-05,2.72408515283652e-05,6.51411666982645e-06,1.18438484905936e-05,7.58006303397987e-05
"166",2020-06-12,0.0534962064960505,0.0962966387185873,0.159096030833415,0.315314430338786,0.375796693613161,5.23811530984953e-06,1.90226292831377e-05,1.35088236938225e-05,4.686734750918e-06,2.48121251519188e-06,3.25314529769602e-05
"167",2020-06-13,0.0534962064960505,0.0962966387185873,0.159096030833415,0.315314430338786,0.375796693613161,1.27438680775954e-05,6.23778805903356e-05,4.62803630186361e-05,1.0731678381133e-05,8.71948868467057e-06,0.000108658243608972
"168",2020-06-14,0.0534962064960505,0.0962966387185873,0.159096030833415,0.315314430338786,0.375796693613161,1.42554773922198e-05,4.53583371570629e-05,3.88785747060539e-05,1.42554773922198e-05,3.23988122550449e-06,8.42369118631168e-05
"169",2020-06-15,0.0534962064960505,0.0962966387185873,0.159096030833415,0.315314430338786,0.375796693613161,8.0135844286485e-06,3.89994442194227e-05,2.24380364002158e-05,4.8081506571891e-06,2.1369558476396e-06,6.14374806196385e-05
"170",2020-06-16,0.0534962064960505,0.0962966387185873,0.159096030833415,0.315314430338786,0.375796693613161,1.43191894179652e-05,2.82292591382743e-05,1.88195060921829e-05,2.86383788359305e-06,3.27295758124919e-06,4.70487652304572e-05
"171",2020-06-17,0.0534962064960505,0.0962966387185873,0.159096030833415,0.315314430338786,0.375796693613161,1.96011272426408e-05,6.70564879353502e-05,4.74553606927094e-05,5.15819137964233e-06,4.12655310371386e-06,0.00011451184862806
"172",2020-06-18,0.0534962064960505,0.0962966387185873,0.159096030833415,0.315314430338786,0.375796693613161,2.45246822435718e-05,0.000118535964177264,7.97052172916084e-05,8.17489408119061e-06,8.17489408119061e-06,0.000198241181468872
"173",2020-06-19,0.0534962064960505,0.0962966387185873,0.159096030833415,0.315314430338786,0.375796693613161,3.06341206097197e-05,8.86777175544519e-05,4.83696641206101e-05,6.44928854941468e-06,1.12862549614757e-05,0.000137047381675062
"174",2020-06-20,0.0534962064960505,0.0962966387185873,0.159096030833415,0.315314430338786,0.375796693613161,1.97093723073057e-05,7.16704447538389e-05,7.34622058726848e-05,1.79176111884597e-05,8.95880559422986e-06,0.000145132650626524
"175",2020-06-21,0.0534962064960505,0.0962966387185873,0.159096030833415,0.315314430338786,0.375796693613161,1.35518717343283e-05,5.75954548708954e-05,3.21856953690298e-05,1.35518717343283e-05,1.18578877675373e-05,8.97811502399251e-05
"176",2020-06-22,0.0534962064960505,0.0962966387185873,0.159096030833415,0.315314430338786,0.375796693613161,1.50231041012043e-05,9.0138624607226e-05,6.65308895910478e-05,8.58463091497391e-06,1.50231041012043e-05,0.000156669514198274
"177",2020-06-23,0.0534962064960505,0.0962966387185873,0.159096030833415,0.315314430338786,0.375796693613161,3.25466237510623e-05,7.01004203869034e-05,5.25753152901775e-05,5.00717288477881e-06,2.50358644238941e-06,0.000122675735677081
"178",2020-06-24,0.0534962064960505,0.0962966387185873,0.159096030833415,0.315314430338786,0.375796693613161,2.84715253847716e-05,8.85780789748449e-05,6.64335592311337e-05,1.26540112821207e-05,6.32700564106035e-06,0.000155011638205979
"179",2020-06-25,0.0534962064960505,0.0962966387185873,0.159096030833415,0.315314430338786,0.375796693613161,9.23122154549043e-06,3.96942526456089e-05,2.0308687400079e-05,2.76936646364713e-06,3.69248861819617e-06,6.00029400456878e-05
"180",2020-06-26,0.0534962064960505,0.0962966387185873,0.159096030833415,0.315314430338786,0.375796693613161,2.21334456480773e-05,7.08270260738473e-05,5.01691434689752e-05,5.90225217282061e-06,1.32800673888464e-05,0.000120996169542822
"181",2020-06-27,0.0534962064960505,0.0962966387185873,0.159096030833415,0.315314430338786,0.375796693613161,2.93710192295967e-05,9.86027074136461e-05,3.56648090645103e-05,4.19585988994239e-06,2.30772293946831e-05,0.000134267516478156
"182",2020-06-28,0.0534962064960505,0.0962966387185873,0.159096030833415,0.315314430338786,0.375796693613161,1.78108226076984e-05,8.23750545606049e-05,4.23007036932836e-05,1.33581169557738e-05,-2.22635282596229e-06,0.000124675758253889
"183",2020-06-29,0.0534962064960505,0.0962966387185873,0.159096030833415,0.315314430338786,0.375796693613161,1.72028352564061e-05,7.0722767165225e-05,3.44056705128122e-05,9.55713069800338e-06,7.64570455840271e-06,0.000105128437678037
"184",2020-06-30,0.0534962064960505,0.0962966387185873,0.159096030833415,0.315314430338786,0.375796693613161,2.11310016036464e-05,7.51324501462983e-05,5.63493376097238e-05,1.40873344024309e-05,9.39155626828729e-06,0.000131481787756022
"185",2020-07-01,0.0534962064960505,0.0962966387185873,0.159096030833415,0.315314430338786,0.375796693613161,2.83488354430848e-05,7.79592974684831e-05,4.96104620253983e-05,1.7718022151928e-05,7.08720886077119e-06,0.000127569759493881
"186",2020-07-02,0.0534962064960505,0.0962966387185873,0.159096030833415,0.315314430338786,0.375796693613161,3.19106738743035e-05,8.77543531543348e-05,5.58436792800312e-05,1.99441711714397e-05,7.97766846857589e-06,0.000143598032434366
"187",2020-07-03,0.0534962064960505,0.0962966387185873,0.159096030833415,0.315314430338786,0.375796693613161,2.94085065831977e-05,8.08733931037936e-05,5.14648865205959e-05,1.83803166144985e-05,7.35212664579942e-06,0.00013233827962439
"188",2020-07-04,0.0534962064960505,0.0962966387185873,0.159096030833415,0.315314430338786,0.375796693613161,1.60357753517144e-05,4.40983822172147e-05,2.80626068655002e-05,1.00223595948215e-05,4.00894383792861e-06,7.21609890827149e-05
"189",2020-07-05,0.0534962064960505,0.0962966387185873,0.159096030833415,0.315314430338786,0.375796693613161,1.23310746645793e-05,3.39104553275932e-05,2.15793806630138e-05,7.70692166536208e-06,3.08276866614483e-06,5.5489835990607e-05
"190",2020-07-06,0.0534962064960505,0.0962966387185873,0.159096030833415,0.315314430338786,0.375796693613161,2.25665509941018e-05,6.205801523378e-05,3.94914642396782e-05,1.41040943713136e-05,5.64163774852545e-06,0.000101549479473458
"191",2020-07-07,0.0534962064960505,0.0962966387185873,0.159096030833415,0.315314430338786,0.375796693613161,2.77300509157319e-05,7.62576400182628e-05,4.85275891025309e-05,1.73312818223325e-05,6.93251272893298e-06,0.000124785229120794
"192",2020-07-08,0.0534962064960505,0.0962966387185873,0.159096030833415,0.315314430338786,0.375796693613161,3.35616724876479e-05,9.22945993410318e-05,5.87329268533839e-05,2.097604530478e-05,8.39041812191199e-06,0.000151027526194416
"193",2020-07-09,0.0534962064960505,0.0962966387185873,0.159096030833415,0.315314430338786,0.375796693613161,1.54886358885331e-05,4.25937486934661e-05,2.7105112804933e-05,9.6803974303332e-06,3.87215897213328e-06,6.96988614983991e-05
"194",2020-07-10,0.0534962064960505,0.0962966387185873,0.159096030833415,0.315314430338786,0.375796693613161,3.88222729083255e-05,0.000106761250497895,6.79389775895696e-05,2.42639205677034e-05,9.70556822708137e-06,0.000174700228087465
"195",2020-07-11,0.0534962064960505,0.0962966387185873,0.159096030833415,0.315314430338786,0.375796693613161,2.28761571939916e-05,6.29094322834768e-05,4.00332750894853e-05,1.42975982462447e-05,5.71903929849789e-06,0.000102942707372962
"196",2020-07-12,0.0534962064960505,0.0962966387185873,0.159096030833415,0.315314430338786,0.375796693613161,2.88725210906356e-05,7.93994329992479e-05,5.05269119086123e-05,1.80453256816473e-05,7.2181302726589e-06,0.00012992634490786
"197",2020-07-13,0.0534962064960505,0.0962966387185873,0.159096030833415,0.315314430338786,0.375796693613161,2.44595139816554e-05,6.72636634495523e-05,4.28041494678969e-05,1.52871962385346e-05,6.11487849541384e-06,0.000110067812917449
"198",2020-07-14,0.0534962064960505,0.0962966387185873,0.159096030833415,0.315314430338786,0.375796693613161,2.63850831362131e-05,7.25589786245861e-05,4.6173895488373e-05,1.64906769601332e-05,6.59627078405328e-06,0.000118732874112959
"199",2020-07-15,0.0534962064960505,0.0962966387185873,0.159096030833415,0.315314430338786,0.375796693613161,1.91551534233544e-05,5.26766719142245e-05,3.35215184908702e-05,1.19719708895965e-05,4.78878835583859e-06,8.61981904050947e-05
"200",2020-07-16,0.0534962064960505,0.0962966387185873,0.159096030833415,0.315314430338786,0.375796693613161,2.2193734079449e-05,6.10327687184849e-05,3.88390346390358e-05,1.38710837996556e-05,5.54843351986226e-06,9.98718033575207e-05
"201",2020-07-17,0.0534962064960505,0.0962966387185873,0.159096030833415,0.315314430338786,0.375796693613161,3.3267651369295e-05,9.14860412655613e-05,5.82183898962663e-05,2.07922821058094e-05,8.31691284232375e-06,0.000149704431161828
"202",2020-07-18,0.0534962064960505,0.0962966387185873,0.159096030833415,0.315314430338786,0.375796693613161,3.34801570701374e-05,9.20704319428778e-05,5.85902748727404e-05,2.09250981688359e-05,8.37003926753435e-06,0.000150660706815618
"203",2020-07-19,0.0534962064960505,0.0962966387185873,0.159096030833415,0.315314430338786,0.375796693613161,2.95359215004653e-05,8.12237841262796e-05,5.16878626258143e-05,1.84599509377908e-05,7.38398037511633e-06,0.000132911646752094
"204",2020-07-20,0.0534962064960505,0.0962966387185873,0.159096030833415,0.315314430338786,0.375796693613161,1.98826202928005e-05,5.46772058052015e-05,3.4794585512401e-05,1.24266376830003e-05,4.97065507320014e-06,8.94717913176025e-05
"205",2020-07-21,0.0534962064960505,0.0962966387185873,0.159096030833415,0.315314430338786,0.375796693613161,4.30570919731745e-05,0.00011840700292623,7.53499109530554e-05,2.6910682483234e-05,1.07642729932936e-05,0.000193756913879285
"206",2020-07-22,0.0534962064960505,0.0962966387185873,0.159096030833415,0.315314430338786,0.375796693613161,4.00774286638134e-05,0.000110212928825487,7.01355001616734e-05,2.50483929148834e-05,1.00193571659533e-05,0.00018034842898716
"207",2020-07-23,0.0534962064960505,0.0962966387185873,0.159096030833415,0.315314430338786,0.375796693613161,4.19866947348691e-05,0.00011546341052089,7.34767157860209e-05,2.62416842092932e-05,1.04966736837173e-05,0.000188940126306911
"208",2020-07-24,0.0534962064960505,0.0962966387185873,0.159096030833415,0.315314430338786,0.375796693613161,6.03454558458165e-05,0.000165950003575995,0.000105604547730179,3.77159099036353e-05,1.50863639614541e-05,0.000271554551306174
"209",2020-07-25,0.0534962064960505,0.0962966387185873,0.159096030833415,0.315314430338786,0.375796693613161,4.33396689913696e-05,0.000119184089726266,7.58444207348969e-05,2.7087293119606e-05,1.08349172478424e-05,0.000195028510461163
"210",2020-07-26,0.0534962064960505,0.0962966387185873,0.159096030833415,0.315314430338786,0.375796693613161,5.16973395424487e-05,0.000142167683741734,9.04703441992852e-05,3.23108372140304e-05,1.29243348856122e-05,0.000232638027941019
"211",2020-07-27,0.0534962064960505,0.0962966387185873,0.159096030833415,0.315314430338786,0.375796693613161,6.49713965280658e-05,0.000178671340452181,0.000113699943924115,4.06071228300411e-05,1.62428491320165e-05,0.000292371284376296
"212",2020-07-28,0.0534962064960505,0.0962966387185873,0.159096030833415,0.315314430338786,0.375796693613161,6.74445330182316e-05,0.000185472465800137,0.000118027932781905,4.21528331363948e-05,1.68611332545579e-05,0.000303500398582042
"213",2020-07-29,0.0534962064960505,0.0962966387185873,0.159096030833415,0.315314430338786,0.375796693613161,5.1661585881807e-05,0.000142069361174969,9.04077752931623e-05,3.22884911761294e-05,1.29153964704518e-05,0.000232477136468132
"214",2020-07-30,0.0534962064960505,0.0962966387185873,0.159096030833415,0.315314430338786,0.375796693613161,5.67757486805041e-05,0.000156133308871386,9.93575601908821e-05,3.5484842925315e-05,1.4193937170126e-05,0.000255490869062268
"215",2020-07-31,0.0534962064960505,0.0962966387185873,0.159096030833415,0.315314430338786,0.375796693613161,3.59498559371272e-05,9.88621038270998e-05,6.29122478899726e-05,2.24686599607045e-05,8.9874639842818e-06,0.000161774351717072
"216",2020-08-01,0.0534962064960505,0.0962966387185873,0.159096030833415,0.315314430338786,0.375796693613161,6.12182144628511e-05,0.000168350089772841,0.000107131875309989,3.82613840392819e-05,1.53045536157128e-05,0.00027548196508283
"217",2020-08-02,0.0534962064960505,0.0962966387185873,0.159096030833415,0.315314430338786,0.375796693613161,6.18919130984466e-05,0.000170202761020728,0.000108310847922282,3.86824456865291e-05,1.54729782746116e-05,0.00027851360894301
"218",2020-08-03,0.0534962064960505,0.0962966387185873,0.159096030833415,0.315314430338786,0.375796693613161,7.44063249200401e-05,0.00020461739353011,0.00013021106861007,4.6503953075025e-05,1.860158123001e-05,0.00033482846214018
"219",2020-08-04,0.0534962064960505,0.0962966387185873,0.159096030833415,0.315314430338786,0.375796693613161,6.32850721265065e-05,0.000174033948347893,0.000110748876221386,3.95531700790665e-05,1.58212680316266e-05,0.000284782824569279
"220",2020-08-05,0.0534962064960505,0.0962966387185873,0.159096030833415,0.315314430338786,0.375796693613161,6.3843365560307e-05,0.000175569255290844,0.000111725889730537,3.99021034751919e-05,1.59608413900767e-05,0.000287295145021381
"221",2020-08-06,0.0534962064960505,0.0962966387185873,0.159096030833415,0.315314430338786,0.375796693613161,3.21286041738051e-05,8.83536614779641e-05,5.6225057304159e-05,2.00803776086282e-05,8.03215104345128e-06,0.000144578718782123
"222",2020-08-07,0.0534962064960505,0.0962966387185873,0.159096030833415,0.315314430338786,0.375796693613161,2.53893260690663e-05,6.98206466899323e-05,4.4431320620866e-05,1.58683287931664e-05,6.34733151726657e-06,0.000114251967310798
"223",2020-08-08,0.0534962064960505,0.0962966387185873,0.159096030833415,0.315314430338786,0.375796693613161,5.48657646074831e-05,0.000150880852670579,9.60150880630955e-05,3.4291102879677e-05,1.37164411518708e-05,0.000246895940733674
"224",2020-08-09,0.0534962064960505,0.0962966387185873,0.159096030833415,0.315314430338786,0.375796693613161,6.27292081843781e-05,0.00017250532250704,0.000109776114322662,3.92057551152363e-05,1.56823020460945e-05,0.000282281436829701
"225",2020-08-10,0.0534962064960505,0.0962966387185873,0.159096030833415,0.315314430338786,0.375796693613161,6.29544416026584e-05,0.000173124714407311,0.000110170272804652,3.93465260016615e-05,1.57386104006646e-05,0.000283294987211963
"226",2020-08-11,0.0534962064960505,0.0962966387185873,0.159096030833415,0.315314430338786,0.375796693613161,5.13628435229979e-05,0.000141247819688244,8.98849761652464e-05,3.21017772018737e-05,1.28407108807495e-05,0.000231132795853491
"227",2020-08-12,0.0534962064960505,0.0962966387185873,0.159096030833415,0.315314430338786,0.375796693613161,5.53055053458513e-05,0.000152090139701091,9.67846343552397e-05,3.4565940841157e-05,1.38263763364628e-05,0.000248874774056331
"228",2020-08-13,0.0534962064960505,0.0962966387185873,0.159096030833415,0.315314430338786,0.375796693613161,4.12519247466442e-05,0.000113442793053272,7.21908683066273e-05,2.57824529666526e-05,1.0312981186661e-05,0.000185633661359899
"229",2020-08-14,0.0534962064960505,0.0962966387185873,0.159096030833415,0.315314430338786,0.375796693613161,6.44299717930823e-05,0.000177182422430976,0.000112752450637894,4.02687323706764e-05,1.61074929482706e-05,0.00028993487306887
"230",2020-08-15,0.0534962064960505,0.0962966387185873,0.159096030833415,0.315314430338786,0.375796693613161,7.87306658793814e-05,0.000216509331168299,0.000137778665288917,4.92066661746134e-05,1.96826664698454e-05,0.000354287996457216
"231",2020-08-16,0.0534962064960505,0.0962966387185873,0.159096030833415,0.315314430338786,0.375796693613161,6.85902884296609e-05,0.000188623293181567,0.000120033004751907,4.28689302685381e-05,1.71475721074152e-05,0.000308656297933474
"232",2020-08-17,0.0534962064960505,0.0962966387185873,0.159096030833415,0.315314430338786,0.375796693613161,7.38341578944096e-05,0.000203043934209626,0.000129209776315217,4.6146348684006e-05,1.84585394736024e-05,0.000332253710524843
"233",2020-08-18,0.0534962064960505,0.0962966387185873,0.159096030833415,0.315314430338786,0.375796693613161,7.64533041341291e-05,0.000210246586368855,0.000133793282234726,4.77833150838307e-05,1.91133260335323e-05,0.000344039868603581
"234",2020-08-19,0.0534962064960505,0.0962966387185873,0.159096030833415,0.315314430338786,0.375796693613161,4.8655321263178e-05,0.00013380213347374,8.51468122105616e-05,3.04095757894863e-05,1.21638303157945e-05,0.000218948945684301
"235",2020-08-20,0.0534962064960505,0.0962966387185873,0.159096030833415,0.315314430338786,0.375796693613161,5.67161133318052e-05,0.000155969311662464,9.92531983306592e-05,3.54475708323783e-05,1.41790283329513e-05,0.000255222509993124
"236",2020-08-21,0.0534962064960505,0.0962966387185873,0.159096030833415,0.315314430338786,0.375796693613161,5.22644951980844e-05,0.000143727361794732,9.14628665966478e-05,3.26653094988028e-05,1.30661237995211e-05,0.00023519022839138
"237",2020-08-22,0.0534962064960505,0.0962966387185873,0.159096030833415,0.315314430338786,0.375796693613161,2.99869539523408e-05,8.24641233689373e-05,5.24771694165965e-05,1.8741846220213e-05,7.49673848808521e-06,0.000134941292785534
"238",2020-08-23,0.0534962064960505,0.0962966387185873,0.159096030833415,0.315314430338786,0.375796693613161,5.38458503665028e-05,0.000148076088507883,9.42302381413799e-05,3.36536564790642e-05,1.34614625916257e-05,0.000242306326649263
"239",2020-08-24,0.0534962064960505,0.0962966387185873,0.159096030833415,0.315314430338786,0.375796693613161,5.32163397409574e-05,0.000146344934287633,9.31285945466755e-05,3.32602123380984e-05,1.33040849352394e-05,0.000239473528834309
