,Baseline,Baseline_ci_lower,Baseline_ci_upper,No HCW ward change,No HCW ward change_ci_lower,No HCW ward change_ci_upper,PPE everywhere,PPE everywhere_ci_lower,PPE everywhere_ci_upper,Screening 3 days perf sens,Screening 3 days perf sens_ci_lower,Screening 3 days perf sens_ci_upper,Screening 3 days,Screening 3 days_ci_lower,Screening 3 days_ci_upper,Screening 7 days,Screening 7 days_ci_lower,Screening 7 days_ci_upper,Cont Trace 7 perf sens,Cont Trace 7 perf sens_ci_lower,Cont Trace 7 perf sens_ci_upper,Cont Trace 2,Cont Trace 2_ci_lower,Cont Trace 2_ci_upper,Cont Trace 7,Cont Trace 7_ci_lower,Cont Trace 7_ci_upper
0,0.0,0.0,0.0,0.0,0.0,0.0,0.0,0.0,0.0,0.0,0.0,0.0,0.0,0.0,0.0,0.0,0.0,0.0,0.0,0.0,0.0,0.0,0.0,0.0,0.0,0.0,0.0
1,0.0,0.0,0.0,0.0,0.0,0.0,0.0,0.0,0.0,0.0,0.0,0.0,0.0,0.0,0.0,0.0,0.0,0.0,0.0,0.0,0.0,0.0,0.0,0.0,0.0,0.0,0.0
2,0.0,0.0,0.0,0.0,0.0,0.0,0.0,0.0,0.0,0.0,0.0,0.0,0.0,0.0,0.0,0.0,0.0,0.0,0.0,0.0,0.0,0.0,0.0,0.0,0.0,0.0,0.0
3,0.0,0.0,0.0,0.0,0.0,0.0,0.0,0.0,0.0,0.0,0.0,0.0,0.0,0.0,0.0,0.0,0.0,0.0,0.0,0.0,0.0,0.0,0.0,0.0,0.0,0.0,0.0
4,0.0,0.0,0.0,0.0,0.0,0.0,0.0,0.0,0.0,0.0,0.0,0.0,0.0,0.0,0.0,0.0,0.0,0.0,0.0,0.0,0.0,0.0,0.0,0.0,0.0,0.0,0.0
5,0.0,0.0,0.0,0.0,0.0,0.0,0.0,0.0,0.0,0.0,0.0,0.0,0.0,0.0,0.0,0.0,0.0,0.0,0.0,0.0,0.0,0.0,0.0,0.0,0.0,0.0,0.0
6,0.0,0.0,0.0,0.0,0.0,0.0,0.0,0.0,0.0,0.0,0.0,0.0,0.0,0.0,0.0,0.0,0.0,0.0,0.0,0.0,0.0,0.0,0.0,0.0,0.0,0.0,0.0
7,0.0,0.0,0.0,0.0,0.0,0.0,0.0,0.0,0.0,0.0,0.0,0.0,0.0,0.0,0.0,0.0,0.0,0.0,0.0,0.0,0.0,0.0,0.0,0.0,0.0,0.0,0.0
8,0.0,0.0,0.0,0.0,0.0,0.0,0.0,0.0,0.0,0.0,0.0,0.0,0.0,0.0,0.0,0.0,0.0,0.0,0.0,0.0,0.0,0.0,0.0,0.0,0.0,0.0,0.0
9,0.0,0.0,0.0,0.0,0.0,0.0,0.0,0.0,0.0,0.0,0.0,0.0,0.0,0.0,0.0,0.0,0.0,0.0,0.0,0.0,0.0,0.0,0.0,0.0,0.0,0.0,0.0
10,0.0,0.0,0.0,0.0,0.0,0.0,0.0,0.0,0.0,0.0,0.0,0.0,0.0,0.0,0.0,0.0,0.0,0.0,0.0,0.0,0.0,0.0,0.0,0.0,0.0,0.0,0.0
11,0.0,0.0,0.0,0.0,0.0,0.0,0.0,0.0,0.0,0.0,0.0,0.0,0.0,0.0,0.0,0.0,0.0,0.0,0.0,0.0,0.0,0.0,0.0,0.0,0.0,0.0,0.0
12,0.0,0.0,0.0,0.0,0.0,0.0,0.0,0.0,0.0,0.0,0.0,0.0,0.0,0.0,0.0,0.0,0.0,0.0,0.0,0.0,0.0,0.0,0.0,0.0,0.0,0.0,0.0
13,0.0,0.0,0.0,0.0,0.0,0.0,0.0,0.0,0.0,0.0,0.0,0.0,0.0,0.0,0.0,0.0,0.0,0.0,0.0,0.0,0.0,0.0,0.0,0.0,0.0,0.0,0.0
14,0.0,0.0,0.0,0.0,0.0,0.0,0.0,0.0,0.0,0.0,0.0,0.0,0.0,0.0,0.0,0.0,0.0,0.0,0.0,0.0,0.0,0.0,0.0,0.0,0.0,0.0,0.0
15,0.0,0.0,0.0,0.0,0.0,0.0,0.0,0.0,0.0,0.0,0.0,0.0,0.0,0.0,0.0,0.0,0.0,0.0,0.0,0.0,0.0,0.0,0.0,0.0,0.0,0.0,0.0
16,0.0,0.0,0.0,0.0,0.0,0.0,0.0,0.0,0.0,0.0,0.0,0.0,0.0,0.0,0.0,0.0,0.0,0.0,0.0,0.0,0.0,0.0,0.0,0.0,0.0,0.0,0.0
17,0.0,0.0,0.0,0.0,0.0,0.0,0.0,0.0,0.0,0.0,0.0,0.0,0.0,0.0,0.0,0.0,0.0,0.0,0.0,0.0,0.0,0.0,0.0,0.0,0.0,0.0,0.0
18,0.0,0.0,0.0,0.0,0.0,0.0,0.0,0.0,0.0,0.0,0.0,0.0,0.0,0.0,0.0,0.0,0.0,0.0,0.0,0.0,0.0,0.0,0.0,0.0,0.0,0.0,0.0
19,0.0,0.0,0.0,0.0,0.0,0.0,0.0,0.0,0.0,0.0,0.0,0.0,0.0,0.0,0.0,0.0,0.0,0.0,0.0,0.0,0.0,0.0,0.0,0.0,0.0,0.0,0.0
20,0.0,0.0,0.0,0.0,0.0,0.0,0.0,0.0,0.0,0.0,0.0,0.0,0.0,0.0,0.0,0.0,0.0,0.0,0.0,0.0,0.0,0.0,0.0,0.0,0.0,0.0,0.0
21,0.0,0.0,0.0,0.0,0.0,0.0,0.0,0.0,0.0,0.0,0.0,0.0,0.0,0.0,0.0,0.0,0.0,0.0,0.0,0.0,0.0,0.0,0.0,0.0,0.0,0.0,0.0
22,0.0,0.0,0.0,0.0,0.0,0.0,0.0,0.0,0.0,0.0,0.0,0.0,0.0,0.0,0.0,0.0,0.0,0.0,0.0,0.0,0.0,0.0,0.0,0.0,0.0,0.0,0.0
23,0.0,0.0,0.0,0.0,0.0,0.0,0.0,0.0,0.0,0.0,0.0,0.0,0.0,0.0,0.0,0.0,0.0,0.0,0.0,0.0,0.0,0.0,0.0,0.0,0.0,0.0,0.0
24,0.0,0.0,0.0,0.0,0.0,0.0,0.0,0.0,0.0,0.0,0.0,0.0,0.0,0.0,0.0,0.0,0.0,0.0,0.0,0.0,0.0,0.0,0.0,0.0,0.0,0.0,0.0
25,0.0,0.0,0.0,0.0,0.0,0.0,0.0,0.0,0.0,0.0,0.0,0.0,0.0,0.0,0.0,0.0,0.0,0.0,0.0,0.0,0.0,0.0,0.0,0.0,0.0,0.0,0.0
26,0.0,0.0,0.0,0.0,0.0,0.0,0.0,0.0,0.0,0.0,0.0,0.0,0.0,0.0,0.0,0.0,0.0,0.0,0.0,0.0,0.0,0.0,0.0,0.0,0.0,0.0,0.0
27,0.0,0.0,0.0,0.0,0.0,0.0,0.0,0.0,0.0,0.0,0.0,0.0,0.0,0.0,0.0,0.0,0.0,0.0,0.0,0.0,0.0,0.0,0.0,0.0,0.0,0.0,0.0
28,0.0,0.0,0.0,0.0,0.0,0.0,0.0,0.0,0.0,0.0,0.0,0.0,0.0,0.0,0.0,0.0,0.0,0.0,0.0,0.0,0.0,0.0,0.0,0.0,0.0,0.0,0.0
29,0.0,0.0,0.0,0.0,0.0,0.0,0.0,0.0,0.0,0.0,0.0,0.0,0.0,0.0,0.0,0.0,0.0,0.0,0.0,0.0,0.0,0.0,0.0,0.0,0.0,0.0,0.0
30,0.0,0.0,0.0,0.0,0.0,0.0,0.0,0.0,0.0,0.0,0.0,0.0,0.0,0.0,0.0,0.0,0.0,0.0,0.0,0.0,0.0,0.0,0.0,0.0,0.0,0.0,0.0
31,0.0,0.0,0.0,0.0,0.0,0.0,0.0,0.0,0.0,0.0,0.0,0.0,0.0,0.0,0.0,0.0,0.0,0.0,0.0,0.0,0.0,0.0,0.0,0.0,0.0,0.0,0.0
32,0.0,0.0,0.0,0.0,0.0,0.0,0.0,0.0,0.0,0.0,0.0,0.0,0.0,0.0,0.0,0.0,0.0,0.0,0.0,0.0,0.0,0.0,0.0,0.0,0.0,0.0,0.0
33,0.0,0.0,0.0,0.0,0.0,0.0,0.0,0.0,0.0,0.0,0.0,0.0,0.0,0.0,0.0,0.0,0.0,0.0,0.0,0.0,0.0,0.0,0.0,0.0,0.0,0.0,0.0
34,0.0,0.0,0.0,0.0,0.0,0.0,0.0,0.0,0.0,0.0,0.0,0.0,0.0,0.0,0.0,0.0,0.0,0.0,0.0,0.0,0.0,0.0,0.0,0.0,0.0,0.0,0.0
35,0.0,0.0,0.0,0.0,0.0,0.0,0.0,0.0,0.0,0.0,0.0,0.0,0.0,0.0,0.0,0.0,0.0,0.0,0.0,0.0,0.0,0.0,0.0,0.0,0.0,0.0,0.0
36,0.0,0.0,0.0,0.0,0.0,0.0,0.0,0.0,0.0,0.0,0.0,0.0,0.0,0.0,0.0,0.0,0.0,0.0,0.0,0.0,0.0,0.0,0.0,0.0,0.0,0.0,0.0
37,0.0,0.0,0.0,0.0,0.0,0.0,0.0,0.0,0.0,0.0,0.0,0.0,0.0,0.0,0.0,0.0,0.0,0.0,0.0,0.0,0.0,0.0,0.0,0.0,0.0,0.0,0.0
38,0.0,0.0,0.0,0.0,0.0,0.0,0.0,0.0,0.0,0.0,0.0,0.0,0.0,0.0,0.0,0.0,0.0,0.0,0.0,0.0,0.0,0.0,0.0,0.0,0.0,0.0,0.0
39,0.0,0.0,0.0,0.0,0.0,0.0,0.0,0.0,0.0,0.0,0.0,0.0,0.0,0.0,0.0,0.0,0.0,0.0,0.0,0.0,0.0,0.0,0.0,0.0,0.0,0.0,0.0
40,0.0,0.0,0.0,0.0,0.0,0.0,0.0,0.0,0.0,0.0,0.0,0.0,0.0,0.0,0.0,0.0,0.0,0.0,0.0,0.0,0.0,0.0,0.0,0.0,0.0,0.0,0.0
41,0.0,0.0,0.0,0.0,0.0,0.0,0.0,0.0,0.0,0.0,0.0,0.0,0.0,0.0,0.0,0.0,0.0,0.0,0.0,0.0,0.0,0.0,0.0,0.0,0.0,0.0,0.0
42,0.0,0.0,0.0,0.0,0.0,0.0,0.0,0.0,0.0,0.0,0.0,0.0,0.0,0.0,0.0,0.0,0.0,0.0,0.0,0.0,0.0,0.0,0.0,0.0,0.0,0.0,0.0
43,0.0,0.0,0.0,0.0,0.0,0.0,0.0,0.0,0.0,0.0,0.0,0.0,0.0,0.0,0.0,0.0,0.0,0.0,0.0,0.0,0.0,0.0,0.0,0.0,0.0,0.0,0.0
44,0.0,0.0,0.0,0.0,0.0,0.0,0.0,0.0,0.0,0.0,0.0,0.0,0.0,0.0,0.0,0.0,0.0,0.0,0.0,0.0,0.0,0.0,0.0,0.0,0.0,0.0,0.0
45,0.0,0.0,0.0,0.0,0.0,0.0,0.0,0.0,0.0,0.0,0.0,0.0,0.0,0.0,0.0,0.0,0.0,0.0,0.0,0.0,0.0,0.0,0.0,0.0,0.0,0.0,0.0
46,0.0,0.0,0.0,0.0,0.0,0.0,0.0,0.0,0.0,0.0,0.0,0.0,0.0,0.0,0.0,0.0,0.0,0.0,0.0,0.0,0.0,0.0,0.0,0.0,0.0,0.0,0.0
47,0.0,0.0,0.0,0.0,0.0,0.0,0.0,0.0,0.0,0.0,0.0,0.0,0.0,0.0,0.0,0.0,0.0,0.0,0.0,0.0,0.0,0.0,0.0,0.0,0.0,0.0,0.0
48,0.0,0.0,0.0,0.0,0.0,0.0,0.0,0.0,0.0,0.0,0.0,0.0,0.0,0.0,0.0,0.0,0.0,0.0,0.0,0.0,0.0,0.0,0.0,0.0,0.0,0.0,0.0
49,0.0,0.0,0.0,0.0,0.0,0.0,0.0,0.0,0.0,0.0,0.0,0.0,0.0,0.0,0.0,0.0,0.0,0.0,0.0,0.0,0.0,0.0,0.0,0.0,0.0,0.0,0.0
50,0.0,0.0,0.0,0.0,0.0,0.0,0.0,0.0,0.0,0.0,0.0,0.0,0.0,0.0,0.0,0.0,0.0,0.0,0.0,0.0,0.0,0.0,0.0,0.0,0.0,0.0,0.0
51,0.0,0.0,0.0,0.0,0.0,0.0,0.0,0.0,0.0,0.0,0.0,0.0,0.0,0.0,0.0,0.0,0.0,0.0,0.0,0.0,0.0,0.0,0.0,0.0,0.0,0.0,0.0
52,0.0,0.0,0.0,0.0,0.0,0.0,0.0,0.0,0.0,0.0,0.0,0.0,0.0,0.0,0.0,0.0,0.0,0.0,0.0,0.0,0.0,0.0,0.0,0.0,0.0,0.0,0.0
53,0.0,0.0,0.0,0.0,0.0,0.0,0.0,0.0,0.0,0.0,0.0,0.0,0.0,0.0,0.0,0.0,0.0,0.0,0.0,0.0,0.0,0.0,0.0,0.0,0.0,0.0,0.0
54,0.0,0.0,0.0,0.0,0.0,0.0,0.0,0.0,0.0,0.0,0.0,0.0,0.0,0.0,0.0,0.0,0.0,0.0,0.0,0.0,0.0,0.0,0.0,0.0,0.0,0.0,0.0
55,0.0,0.0,0.0,0.0,0.0,0.0,0.0,0.0,0.0,0.0,0.0,0.0,0.0,0.0,0.0,0.0,0.0,0.0,0.0,0.0,0.0,0.0,0.0,0.0,0.0,0.0,0.0
56,0.0,0.0,0.0,0.0,0.0,0.0,0.0,0.0,0.0,0.0,0.0,0.0,0.0,0.0,0.0,0.000127659574468,0.0,0.0,0.0,0.0,0.0,0.0,0.0,0.0,0.0,0.0,0.0
57,0.0,0.0,0.0,0.0,0.0,0.0,0.0,0.0,0.0,0.0,0.0,0.0,0.0,0.0,0.0,0.0001315789473684,0.0,0.0,0.0,0.0,0.0,0.0,0.0,0.0,0.0,0.0,0.0
58,0.0,0.0,0.0,0.0,0.0,0.0,0.0,0.0,0.0,0.0,0.0,0.0,0.0,0.0,0.0,0.0001777777777777,0.0,0.0,0.0,0.0,0.0,0.0,0.0,0.0,4.2735042735042e-05,0.0,0.0
59,4.347826086956501e-05,0.0,0.0,0.0,0.0,0.0,0.0,0.0,0.0,0.0,0.0,0.0,0.0,0.0,0.0,0.0001298701298701,0.0,0.0,0.0,0.0,0.0,0.0,0.0,0.0,8.8495575221238e-05,0.0,0.0
60,4.2194092827004e-05,0.0,0.0,0.0,0.0,0.0,0.0,0.0,0.0,0.0,0.0,0.0,0.0,0.0,0.0,0.0001321585903083,0.0,0.0,0.0,0.0,0.0,3.9840637450199e-05,0.0,0.0,0.0001298701298701,0.0,0.0
61,8.4745762711864e-05,0.0,0.0,0.0001256229150965,0.0,0.0020833333333332,0.0,0.0,0.0,8.5470085470085e-05,0.0,0.0,3.8461538461538e-05,0.0,0.0,0.0002175909440185,0.0,0.0,3.937007874015701e-05,0.0,0.0,7.9681274900398e-05,0.0,0.0,0.0001731601731601,0.0,0.0
62,8.163265306122399e-05,0.0,0.0,0.000304347576179,0.0,0.004467126193001,0.0,0.0,0.0,0.000339460005184,0.0,0.0044270833333333,0.0002529635297392,0.0,0.0042553191489361,0.0003776857166428,0.0,0.0042338709677418,0.0001982462828821,0.0,0.0,0.0004320610134421,0.0,0.004599505327245,0.0002704740226851,0.0,0.0043797850201423
63,0.0006783390071675,0.0,0.0083398447674115,0.0005272208418709,0.0,0.0044455199115043,4.6511627906976e-05,0.0,0.0,0.0003019240105129,0.0,0.004454861111111,0.0006694800907252,0.0,0.0051062344913151,0.0009107161062557,0.0,0.0083866601033718,0.0006140131180016,0.0,0.0047499157019219,0.0009685837994852,0.0,0.0065661487986103,0.0005709736396529,0.0,0.006814565483476
64,0.0013471968383802,0.0,0.0110745614035087,0.0009362112154448,0.0,0.0088305241967315,8.6441880437623e-05,0.0,0.0,0.000518315179,0.0,0.0045589944783492,0.001091367329613,0.0,0.0090328169588258,0.0016881083552661,0.0,0.0120372002114739,0.00124990000599,0.0,0.0102415966386554,0.0012190340267714,0.0,0.0089559386973179,0.0011052107624633,0.0,0.0089495916079435
65,0.0024457762104224,0.0,0.0155029904892635,0.0012569227094884,0.0,0.0088151382823871,0.0001772872586585,0.0,0.0043478260869565,0.0009463593153133,0.0,0.0079593611638203,0.0014286686443342,0.0,0.00903873598369,0.0022937993709271,0.0,0.0123484283972361,0.0013345698931934,0.0,0.0106957123615683,0.0016702008627481,0.0,0.0126971566523604,0.0014628951595741,0.0,0.0091785117056855
66,0.0031719759816529,0.0,0.017171382257589,0.0023845600257806,0.0,0.0148816987406639,0.0002193046061466,0.0,0.0043153434433541,0.0009016707386655,0.0,0.0077651515151514,0.0021561283505078,0.0,0.0151287553648067,0.002734125274651,0.0,0.0132775330396475,0.0026485913284137,0.0,0.0158584169453733,0.0025891836163571,0.0,0.0147487987563594,0.0019369330578824,0.0,0.0146963009667927
67,0.0047834428613313,0.0,0.0229357798165137,0.0038826917398356,0.0,0.0170156126340023,0.0002174095992928,0.0,0.0043426898603109,0.001059293202781,0.0,0.0065065982404691,0.0023942505984187,0.0,0.0147402597402596,0.0036488483388246,0.0,0.0176059187330211,0.0038695738449656,0.0,0.0175286478227654,0.0035210935051434,0.0,0.0183544144958087,0.0025114254761627,0.0,0.0142000223613595
68,0.0062241500687257,0.0,0.0226865351629502,0.004882796738561,0.0,0.0246846594321866,0.0003685173047076,0.0,0.0042287956804691,0.0025605439395516,0.0,0.0130434782608695,0.0032862323878677,0.0,0.0150279069767441,0.0051873293627522,0.0,0.0254868549172346,0.0047715079857303,0.0,0.0214642278219863,0.0039790951874409,0.0,0.0239136970694347,0.0035040624271027,0.0,0.0227272727272727
69,0.0072217276645663,0.0,0.0288199652640719,0.0059894642838106,0.0,0.0238545365264031,0.0003324871362201,0.0,0.0043224909491284,0.0019157139707273,0.0,0.0089495916079435,0.0036229831796623,0.0,0.0157929961089493,0.0066617723873855,0.0,0.0273376623376622,0.0059751004349322,0.0,0.0286833100627321,0.0051571105570324,0.0,0.0263931901294764,0.004373311540032,0.0,0.0223938529784536
70,0.009667676293875,0.0,0.0323594482040603,0.0080294761477344,0.0,0.033257184021473,0.0003766777360768,0.0,0.0042109881927454,0.002301983350638,0.0,0.0113091390562771,0.0052008005524777,0.0,0.0223484848484848,0.0084951085584987,0.0,0.0323267511177346,0.0076485704552686,0.0,0.0279411764705881,0.0065382322670477,0.0,0.02740989975372,0.0061742361111922,0.0,0.0277777777777777
71,0.0118832944154877,0.0,0.0389247129362519,0.010665495819107,0.0,0.0403711888868843,0.0007167875950098,0.0,0.0047200665188469,0.0032340374119937,0.0,0.0133127802690582,0.0070462090824301,0.0,0.0266446980129844,0.0109793676315936,0.0,0.0428495788799683,0.009323516162692,0.0,0.0378307086614172,0.0075861103767957,0.0,0.0300223024638911,0.0071879112818985,0.0,0.0299558856377037
72,0.0141382293029237,0.0,0.0442236024844719,0.0137216821492745,0.0,0.0500672043010751,0.0008382343763599,0.0,0.00652855695808,0.0030108776289546,0.0,0.0131422413793103,0.008482749825254,0.0,0.0288468340997523,0.0132977697669835,0.0,0.0434758771929823,0.0118184450228349,0.0,0.0422022556796718,0.0096826982039763,0.0,0.0320297434964525,0.0089255651384978,0.0,0.0284615384615384
73,0.0178582417800486,0.0,0.0585726966092667,0.0168994771946741,0.0,0.0644654903995847,0.0006652402352814,0.0,0.0044375934230194,0.0035484421481352,0.0,0.0139653528289891,0.0105893699785344,0.0,0.0382480694980694,0.0169550294073723,0.0,0.0540581499775482,0.0141891136131733,0.0,0.0439828449122128,0.0119833332792211,0.0,0.0325553719008264,0.012104810849956,0.0,0.0358696427615972
74,0.0224747380386549,0.0,0.067027507238747,0.0204259221644229,0.0,0.0702981577246282,0.000748386645849,0.0,0.004599505327245,0.0057258434212748,0.0,0.0232046726959517,0.0142545659403365,0.0,0.0429385892116181,0.0207350670223591,0.0,0.0555537244561634,0.0163585362726822,0.0,0.0447986424308686,0.015318302302067,0.0,0.0375829196503096,0.0148305391605547,0.0,0.040883885993124
75,0.0256810678748895,0.0,0.069912391204764,0.0249858704080745,0.0,0.0684812734897623,0.0007602386435225,0.0,0.0065065982404691,0.0050909872714613,0.0,0.0209512284306384,0.0158203631300118,0.0,0.0464836475316103,0.0245782261571405,0.0,0.0587400793650792,0.0182918389587204,0.0,0.052481125600549,0.0175509557894431,0.0,0.0499813293502613,0.0165008224028691,0.0,0.0435722714987245
76,0.0299476464708647,0.0,0.0783252349170935,0.0294025629629094,0.0,0.0752641542660912,0.0010584690251324,0.0,0.0085297326786688,0.0058030151979979,0.0,0.0243345618345617,0.018773552041381,0.0,0.0475358422939067,0.0281569602660019,0.0,0.0660523721146037,0.0209925101707661,0.0,0.0504204785362419,0.0201845907162545,0.0,0.0542534970025691,0.0198251814818341,0.0,0.0481721449641803
77,0.0328608551579161,0.0,0.0756139310562934,0.033620681955228,0.0,0.0846826700978188,0.0013560193937855,0.0,0.0083586175629489,0.0087937043579786,0.0,0.0312426506190771,0.0226067513472093,0.0038438771735108,0.0602253157290469,0.030553386016987,0.0,0.0724503341159472,0.0219059855015829,0.0,0.0559884059268542,0.0229433166636868,0.0,0.055505221130221,0.0213842139958054,0.0,0.0546943911596411
78,0.0361045138498702,0.00418213335201,0.0785384615384615,0.0382539649980632,0.0039049624610876,0.0930609232420825,0.0014454459782486,0.0,0.0083682263861264,0.0066920373426418,0.0,0.0232000319284801,0.0247626221039743,0.0040379087315845,0.0584139915693903,0.0343864135802106,0.0038889646086047,0.0833408071748878,0.0263527785296259,0.0,0.0591069849690538,0.0252804925959807,0.0040234501785134,0.0603733535640495,0.0236207088855306,0.0018700787401574,0.0517211938730145
79,0.041484606053085,0.0078536336670373,0.0885696367183869,0.0433815808640829,0.0040876004016063,0.1051807760141092,0.0015912778017941,0.0,0.0077554086538461,0.00774945370721,0.0,0.0226279883778226,0.0280041002075939,0.004079131652661,0.065982844720301,0.0389946571346348,0.0039657780298732,0.0879524886877827,0.0279896064698118,0.0017527675276752,0.0556285929695597,0.0288848295676821,0.0040874476987447,0.0641469594594594,0.0260945011729106,0.0037223193473192,0.0535856628084733
80,0.0464550136124939,0.0098454435969489,0.0997295040908331,0.0486551298844782,0.0040400124069478,0.107581685941025,0.0017399749572547,0.0,0.0081209876543209,0.0109653184256564,0.0,0.0323437499999999,0.0318172869489512,0.0037641621943946,0.0706085860639075,0.0453178584333032,0.0059236947791164,0.103378069238981,0.031604501661992,0.0039120263844147,0.0626437297879984,0.0318905505282597,0.0077928297755883,0.0672111136944896,0.028360774332741,0.0077349595929361,0.0591480322003576
81,0.0516564043515942,0.0061115935735995,0.1122816593886461,0.0557535234675592,0.011993470328404,0.1124583063096449,0.0022278282820317,0.0,0.0086043510324483,0.0094988185840192,0.0,0.0271110894883386,0.035200471429931,0.005540416115954,0.0743034930268595,0.0505169068232945,0.0100035416598029,0.1135862493406012,0.0346761037424704,0.0076745659798979,0.0750167315175096,0.0331772523771162,0.0040461432506886,0.0658048433048432,0.0311078488873945,0.0085648148148147,0.0664135154401995
82,0.0552285261271484,0.0087473643856622,0.1151880350591112,0.0587030138967778,0.0160305220883533,0.1237761150871104,0.002529238906426,0.0,0.0084313066845817,0.0100979330783363,0.0,0.032050808969628,0.0411624050616929,0.0081804306990473,0.0845968174503843,0.0562303219867435,0.0171064136755125,0.1080661614689594,0.0371523782626448,0.008312554112554,0.0713768183687969,0.0346067117440425,0.007672858617131,0.0674391385767789,0.0318802980952339,0.0083151798063623,0.0604488636363635
83,0.0614354936617822,0.0120912269290185,0.1226196410767696,0.0614449856074999,0.0206522668034012,0.134240715327215,0.0025892215770838,0.0,0.0114322100313479,0.0130600499577127,0.0,0.0354405952104161,0.0458450551571945,0.0118036600496277,0.0884921981004069,0.0613845808579758,0.0176277281746031,0.1257661901667748,0.0404686972237125,0.0115364132605511,0.0859383202099736,0.0359518152436603,0.0079317569589942,0.0677360774818401,0.0331633456232647,0.008856862745098,0.0646295868023434
84,0.065393015224755,0.0239017057307644,0.1239282490974729,0.0654915473229838,0.0237085419274092,0.128734959893048,0.0030255679666647,0.0,0.0110531135531135,0.0111560295189138,0.0,0.0296678337373192,0.048355898579061,0.0108492854333288,0.0987662418790603,0.0637054074060505,0.0167478389205144,0.1304640039894821,0.042618323170681,0.0115768284500111,0.0858767627222562,0.037029681212658,0.0096283706363149,0.0718347086126869,0.0371251232912816,0.0118296345866533,0.0665524000065062
85,0.071148139685495,0.0267618455688797,0.1277129559711895,0.0703939412870061,0.0255819628292551,0.1360695043103447,0.0031675330074726,0.0,0.0112719617787989,0.0115588005193527,0.0,0.03103129657228,0.0546536376423703,0.0113586465194368,0.1101179862929737,0.0671381056473417,0.0236748195669606,0.1333912449512946,0.0442502723604269,0.0165364583333333,0.0830061983471073,0.0397961019742999,0.0130302837150667,0.0811255028947109,0.0381493725350059,0.0093744521068317,0.0714288725269783
86,0.0758246255554337,0.0307799525504151,0.1294551701370632,0.0757903224848352,0.0365703033100551,0.1369846231835079,0.0029010553497843,0.0,0.0110102213962507,0.0157471006842739,0.0035270367789776,0.0366917186613725,0.0593092396500117,0.0212644184203574,0.1125642546461051,0.0723683608275966,0.0262172284644194,0.1345442723057785,0.0452744398857313,0.0127625850340135,0.0785872861165258,0.0413065174736068,0.0115624999999999,0.0861159953111678,0.0401646357370999,0.0113997656690726,0.0757386195136416
87,0.0809335758461337,0.0365217839555587,0.1266928034651914,0.0777592715289787,0.033632075471698,0.1370687031612583,0.002665062651236,0.0,0.0109592326139088,0.0130986849138056,0.0015573770491802,0.0299754506558181,0.0587706981646486,0.0175346687211093,0.1104876395676523,0.0773356727603884,0.0301888766310342,0.143347781744008,0.0463275639639809,0.0127609236426562,0.0806400866515369,0.041454677099125,0.0151445485372722,0.0845524429352951,0.0405441205663101,0.0122668426344896,0.0762612991381121
88,0.0861202043969439,0.0390976580437777,0.1376581713352721,0.0829489259000191,0.0398693851545077,0.134897801442803,0.0027951067272706,0.0,0.0104186007257995,0.0132925338301955,0.0,0.0320150356006665,0.0640575058098135,0.0228967262276645,0.1185956635213811,0.0818167475159893,0.0321293260705947,0.1432311956847467,0.0486516205359414,0.0140369689542483,0.0807132188200148,0.0417040581259696,0.0187561715333615,0.081983310410495,0.0412850914620939,0.0088674823074712,0.0756037362365457
89,0.0872797457760516,0.0395882352941176,0.1525230017251292,0.0845307221040023,0.0406977182016717,0.1372611003861002,0.0029652193056978,0.0,0.0104288522534038,0.0166531662504836,0.001517571884984,0.0398145604395603,0.0689918065882699,0.0259177934665549,0.1253027175782593,0.0822843720714553,0.0385328039326904,0.1451253879356471,0.0472661538714535,0.015853819719799,0.080417796530927,0.0408209219649121,0.0197245769593036,0.0848674457889474,0.0401116170977422,0.0128970484159693,0.0715565577766942
90,0.0922302830801083,0.0391380532824994,0.1499180099085897,0.0882114122306717,0.0359097734543317,0.1414790996784566,0.0032658508930705,0.0,0.0113962508080154,0.0139820840545423,0.0014937106918238,0.0341379643962847,0.0705175328059458,0.0270161060189253,0.1269884676866863,0.0878900378038983,0.0465499785601981,0.1526648351648349,0.0489749581404478,0.0116904761904761,0.0843302351011481,0.0418123171292445,0.019005609844372,0.0847977094485247,0.0406764050821729,0.016145082429637,0.0745027752081405
91,0.0942511984481258,0.0381997396317649,0.1509359304784562,0.0890976822903981,0.0467109367501679,0.1442447604148807,0.0034173887493749,0.0,0.0127841576073086,0.0142111754687564,0.0014615384615384,0.0339409977144753,0.073697932650888,0.0292237442922373,0.1328877201565557,0.0840336763204488,0.040846810422282,0.1396245097040394,0.0499502427333505,0.0183321732882786,0.0898748064016519,0.0399890118809547,0.0131635802469135,0.0798128820205281,0.0411270099536953,0.0121877475737769,0.0728174603174602
92,0.0938957785560114,0.0381786941580755,0.1490851257705979,0.0900899009080357,0.0428278284851269,0.1348186910377358,0.0037921835191025,0.0,0.0134805917480998,0.0173849379575581,0.0,0.0411902842522167,0.0743005452220988,0.0268378378378377,0.1214494972694329,0.0842063853989347,0.0425768872320596,0.1356936619718309,0.0489103349989658,0.0205332347259115,0.0922328695195589,0.0388123482777649,0.0139538003707678,0.0726469182990921,0.0405657013814856,0.0132825522989456,0.0696601941747571
93,0.0963947561768005,0.0397978042287297,0.1622595404984423,0.089991975500747,0.0433279044516828,0.1334681496461071,0.0034204745257064,0.0,0.0115099659061106,0.0141513438684225,0.0,0.0365958151603819,0.0743489044392022,0.0315982933487205,0.1229663487016427,0.0863706484507726,0.0445810677212061,0.1400227272727271,0.0484662677293801,0.0205910455910455,0.0828878850936404,0.0388764313517694,0.0159987609568279,0.0839495305164318,0.0394444459454165,0.016444841205432,0.0716565533980581
94,0.0957898909253278,0.0409741905114825,0.1660212990140737,0.0895850209427197,0.0425271739130434,0.1345012019230769,0.0037096114703827,0.0,0.0127818632430015,0.0130118223945953,0.0,0.0324374737284572,0.0747187390880759,0.0332063807473643,0.123038655497426,0.0888180955896743,0.04342623570041,0.1438125436931987,0.0463366144276718,0.0207592339261285,0.0812677244214853,0.037098817670159,0.0123956369512523,0.07396994442202,0.0382631982560441,0.0158144081816814,0.0627453004561899
95,0.0977721237483975,0.0490889657980455,0.1632706544270061,0.0893307122768942,0.0403404224204566,0.1343023604121734,0.0032970837771591,0.0,0.0112199981466035,0.0160638361553251,0.0,0.0404722734512532,0.0770988723675697,0.0360351966873705,0.1306052159425861,0.0901664379724751,0.0438715417288485,0.1438820418040904,0.0452823788099296,0.022152610441767,0.0799830750869395,0.0362739090331528,0.0138927469135802,0.0707588915602719,0.0383209048768708,0.0149758318345323,0.0656167417377255
96,0.1026056661733621,0.0472826836443871,0.1647315288194533,0.0930124357394436,0.0422321428571427,0.1431894144525299,0.0031395941789863,0.0,0.0115468036529679,0.0138891018594842,0.0,0.0359967948717947,0.0767873050972811,0.0363425925925925,0.133660182738531,0.0922074426154613,0.046873188405797,0.1503065608731104,0.0454940620412127,0.0206033392360232,0.0839015151515151,0.0359654633423486,0.0126904730690492,0.0724315767973855,0.0370171264663024,0.015305380400105,0.0646384865134864
97,0.1038358406290151,0.0464826839826839,0.1592122496147919,0.0942447290918732,0.0417498762171975,0.139701028926422,0.0032081106732672,0.0,0.0118736514025412,0.0136055982671534,0.0,0.0334130541432521,0.0782729308941297,0.0368589545313949,0.1253235294117646,0.0936697316179364,0.0453920231902655,0.151386179705333,0.0451252414132886,0.0202236258108569,0.0787907128648198,0.0352164642786337,0.0130430615895731,0.0667497272116836,0.0348288496083516,0.0109932126696832,0.0593241776137226
98,0.1075830711727503,0.0540410238429172,0.1682966764418376,0.0937377717949592,0.0434829569550465,0.1458976833976833,0.0029335386083883,0.0,0.0117321846771494,0.0162363805095947,0.0015322580645161,0.0398025341451373,0.0814724913209272,0.0367672413793103,0.1304660278745643,0.0930924782743933,0.0472239077669901,0.1469830757910227,0.044468900016039,0.0179148169594028,0.082677686785967,0.0347574993454828,0.0131073446327683,0.0642477203647415,0.0343875859069306,0.0102150756220522,0.0599466501240693
99,0.1070891452267213,0.0567203219315894,0.1653612484364762,0.0914185434998281,0.0389734405032324,0.1466216988384896,0.0028568560663096,0.0,0.0102378048780487,0.0135191141555446,0.0,0.0351362876254179,0.0765139038020538,0.0352433167007271,0.1221033844526704,0.0903093922618363,0.0457891379396607,0.1475838658146964,0.0429087624994321,0.0181939605110336,0.0822411831626848,0.0342245749738844,0.0119172745652095,0.0631373234163629,0.0336340166323203,0.0125154299821697,0.0638011029486578
100,0.1034136686885294,0.0555208396163821,0.1669426919032597,0.0901059088189144,0.0375855773619351,0.1430425865403854,0.0029700429297851,0.0,0.0103156887755101,0.0117848304489379,0.001503164556962,0.0270698596705307,0.0757022657313184,0.0350021179119617,0.1217764929510532,0.0901805590300776,0.046081951113051,0.1447499999999999,0.0417571903487224,0.016796380448544,0.0753325141312361,0.0334499961531314,0.0131506315550215,0.0579154819099911,0.0327149719602713,0.00980242430715,0.0640300712013331
101,0.1043441910937085,0.0550809762773722,0.1611301369863012,0.0897303069715148,0.0381225165562913,0.133917162770437,0.003037840362907,0.0,0.0119000928289626,0.0134241302090277,0.0,0.0343339507355601,0.0778074338621772,0.0338508927639134,0.1255031964838676,0.0920814865289935,0.0388020833333333,0.1466458282575471,0.042547720185926,0.0182482339612581,0.0779364144833676,0.0326887144583843,0.0104687499999999,0.0656795605057193,0.0317440571017966,0.0099009900990099,0.0635584677419354
102,0.1053239944018019,0.0520886398369841,0.1644771208575014,0.0899730057759543,0.0391651523623147,0.141122952345495,0.0033155491250046,0.0,0.0132499999999999,0.0112909968248969,0.0,0.0286793422404932,0.0779297637307968,0.0361088039867109,0.1210775862068965,0.0939556685218677,0.0443890669578387,0.1545802648411298,0.0441207565656563,0.0190838231535905,0.0805504375863656,0.0331831599946594,0.0100144373341657,0.0620978588176482,0.0309001112183212,0.0116982581967212,0.0595329651323678
103,0.1036732610924942,0.0511280523425633,0.1627110694183862,0.087580933604318,0.0446275745835795,0.1373610268849807,0.0031161171247765,0.0,0.010582827794112,0.010560611217929,0.0,0.029553841700937,0.0771457605388814,0.0334932659932659,0.1233035714285713,0.0941718553597167,0.047661870503597,0.1468612205404658,0.0438850893295521,0.0180816067597969,0.0780856689582231,0.0335338163151651,0.0102947534396378,0.0623348784781589,0.0303734839248711,0.0120199826760664,0.057598901098901
104,0.0988676573300527,0.051455781040556,0.1573221476510066,0.0846570539644595,0.0457377819548871,0.141309494900437,0.0032877203466777,0.0,0.0106426056338027,0.0119273582463652,0.0,0.0370436921821149,0.0777999657942368,0.0350938874921432,0.1239769792988751,0.0907986656833882,0.0437740076824583,0.1428477504450557,0.0418053286105693,0.0167142137942607,0.0698317307692307,0.0316640991236805,0.0084186694531521,0.056489271145406,0.0288835130175788,0.0102723338376551,0.055798817286559
105,0.0986859386687123,0.0490103080132531,0.1598782467532465,0.08223846593208,0.0372128975265017,0.1378352562181599,0.0031435201515228,0.0,0.0105997136810655,0.0101300433522773,0.0,0.0313470319634702,0.0738855468965759,0.034226312761936,0.1210078986341944,0.085313660986589,0.0412370934434692,0.1338796998891635,0.0416750235933108,0.0177555025493462,0.0714032069853532,0.0319373259281724,0.0087423954372623,0.0597441962812189,0.028009752340599,0.0071416701818971,0.0542546303563019
106,0.095600024902844,0.0449899101389167,0.1530681818181817,0.0795398042762473,0.0393749999999999,0.1337690440167481,0.0028871276018266,0.0,0.0103279416992533,0.0099349334543402,0.0,0.0276491677944772,0.0724436008984285,0.0294950670657354,0.1157135046473482,0.0817332041641288,0.0384285045347002,0.1254464285714285,0.0406516259092946,0.0143325153847141,0.0715475152571925,0.0314135141931683,0.0072947072387273,0.0580089872506443,0.0259737728812645,0.0069533178452155,0.0513114501464015
107,0.0920395627118963,0.0371438356164383,0.1519131455399059,0.0768303398388565,0.0385727134953979,0.1209784946236558,0.0029705985070981,0.0,0.0107383578431371,0.0116779361448525,0.0,0.0303690874343047,0.0728320191290891,0.0280664955746388,0.1176568682871678,0.0809139791557551,0.0375294117647058,0.133831811020269,0.0391307732235919,0.0134824681238614,0.0716282303430189,0.031472974888548,0.0071770551038843,0.0617746478873238,0.025410322005933,0.0066847972065538,0.0502566844919785
108,0.0886370430929785,0.0385313662342374,0.1430637668918918,0.0753616564720773,0.0350677339901477,0.1211205247503979,0.0028172544239552,0.0,0.0104426818643821,0.0099008277886326,0.0,0.0274466883208586,0.070768879402164,0.0227551903114186,0.1187079678362572,0.0810702410001086,0.0369160899653978,0.132353448275862,0.0379007364256174,0.011984050845425,0.0669442136719282,0.0310513370160603,0.00713875304843,0.0625922709509334,0.025575569023207,0.0035765035717028,0.0533692100028416
109,0.0872592762255424,0.0424262279736971,0.1512636408730158,0.0741006595057812,0.034766589226078,0.1235315634803525,0.0026269810683649,0.0,0.0101378220379307,0.0093264625625563,0.0,0.0259707768317038,0.069743052708448,0.02420573043563,0.1142006802721087,0.078948329803101,0.0366472868217053,0.1322687718668699,0.0372228676643652,0.0107655548676674,0.0702035187944004,0.0306561422258261,0.0082285667270034,0.060207234673698,0.0251291693975878,0.0051020162068299,0.055160604329334
110,0.0871481835927493,0.0413571428571428,0.1511081990551996,0.0711730196349721,0.0284954919439957,0.116092727481471,0.002633321945515,0.0,0.0105792607293474,0.0106706987446177,0.0,0.0316686333225723,0.0696852457087209,0.0245180528691166,0.1160662531143539,0.0777779895408722,0.0357503766451575,0.126326130876121,0.0359617153220572,0.0086441336441336,0.066060094185094,0.0308689592389801,0.0079968944099378,0.0611458333333332,0.0249777381124314,0.0068370424049744,0.0548257839721253
111,0.0836644261380725,0.0381833864118895,0.1540349616858237,0.0681160496067751,0.0287604033187071,0.1138659793814432,0.0022892376700387,0.0,0.0086160518225734,0.0093215259180491,0.0,0.030411980968858,0.064969866500034,0.0251827282116469,0.1079642263274184,0.0746488731615836,0.0364172937878116,0.1182645665696512,0.0340008739551,0.006767636280348,0.0644903646497394,0.0291686858310261,0.0068931068931068,0.063139683117829,0.0238743925429815,0.0068700396825396,0.0504465866614203
112,0.0835818677753709,0.0374255169996494,0.1555473326685777,0.0672229207407021,0.0282639096993306,0.1126267168083714,0.0018344223727755,0.0,0.0078747072599531,0.0086002322320676,0.0,0.0263591342626558,0.0629344470590207,0.0203698752228163,0.1115440229062275,0.0708415679352459,0.0304981549815497,0.1182092555331991,0.0332912586623535,0.0070540735579554,0.0618945495411124,0.0286919458843074,0.0037802274941263,0.0606954887218044,0.0230294075802442,0.0070255136097307,0.0453582207530899
113,0.0805242123750112,0.0392086792276839,0.1517722334229389,0.0657268523344969,0.0275215215689994,0.1158412706454553,0.001920550641636,0.0,0.0095270802085034,0.0097664367280012,0.0,0.0246831955922864,0.0625131478299613,0.0199063789273246,0.1097485159634204,0.0691366037031485,0.0310749493274368,0.1196377626005013,0.0326437201827668,0.0071133576568358,0.0664274378757773,0.0265697821342673,0.0071003787878787,0.0567929201401473,0.0221120589492633,0.0069646847371999,0.0430580094228503
114,0.0777832190509158,0.0320150217853885,0.1426641249767528,0.0628838547252322,0.0234362012804671,0.1126012666578702,0.0019233656818486,0.0,0.0103351063829787,0.0082853681132176,0.0,0.0224326018808777,0.0584676252895949,0.0200878067174832,0.1048716527375062,0.0673125979846631,0.0259642129323638,0.1174481670134155,0.0306596302735029,0.0052538150719861,0.0660493976048914,0.0261561306901375,0.0057911854506836,0.0612455985915492,0.0208548295343509,0.0036541084898089,0.0394064033158517
115,0.0748395872151579,0.0344208897207025,0.1336288766879358,0.0603886105632511,0.0260027925869509,0.1103343932375493,0.002081930773972,0.0,0.0096211433756805,0.0078571683348858,0.0,0.0234276633922325,0.0566289254888747,0.0184116809116808,0.1023809030225133,0.0655637488601592,0.02564279505732,0.1172662815126049,0.0304973544952545,0.0040546218487394,0.0672033461084905,0.0258748962922335,0.0038106294398508,0.0539223669923995,0.0200764670487958,0.0036545661184649,0.0407821492890696
116,0.0719353647035807,0.0316634146341463,0.130960915183476,0.0589314759979647,0.0259530986255123,0.1071280821917807,0.0019824188879708,0.0,0.0080464778503993,0.0091457628532682,0.0,0.0259883096497025,0.0563772777812052,0.0148084125612215,0.1020053813446718,0.0634463261755829,0.0245641548887713,0.1033070866141731,0.0285939795136878,0.0037570537570536,0.0614835452995934,0.0249657679479712,0.0052456953642383,0.0522462107401426,0.0199922144432414,0.003564211088233,0.0428937693498451
117,0.069673651603606,0.0304820478723403,0.1254794905412998,0.0568003336266276,0.0249531835205992,0.0996160718241018,0.0020170235033843,0.0,0.0110180620656214,0.0078317752548387,0.0,0.0245266246840594,0.0544889383915735,0.0145430022215169,0.0993537414965986,0.0617381312935612,0.0222495453794015,0.1004308481297612,0.027236781450389,0.0053720974495621,0.0687707641196012,0.0238752180013284,0.0039978234428013,0.0519601254480285,0.0189424946719547,0.0036163213519593,0.0399797570850201
118,0.0679407428238438,0.0240000824674252,0.1202978723404255,0.0530843206330258,0.0228063326827151,0.0911151599921475,0.0018406101702051,0.0,0.0103704742356618,0.0069936695392423,0.0,0.0227177177177176,0.0518483890540492,0.0116024393894043,0.1012661740024903,0.0590273925130979,0.0185105157015269,0.1007608695652173,0.0256230546100949,0.0037017726798748,0.0593922436027698,0.0233256043926301,0.0036358937659032,0.0519626857517481,0.0184734991121185,0.0035193452380951,0.0402550607287449
119,0.0640432771608072,0.0213344091198937,0.114334928229665,0.0502561061895648,0.0221756778919745,0.0870750037861577,0.0017699161090434,0.0,0.010587499688923,0.007546400424109,0.0,0.0218224373214852,0.0494762421037506,0.0119700181708055,0.1014866046116045,0.055539547504587,0.0145121758380771,0.1043165467625899,0.0241761747539127,0.0035898014440432,0.0476079979181123,0.0226101908480119,0.003569376524215,0.0517508646245058,0.0184058164303578,0.0035756819054936,0.0437856833910033
120,0.0608344234806503,0.0181794688295165,0.110955311811476,0.0476696700051313,0.0205746395250211,0.0864315647178099,0.0016163582334502,0.0,0.0109164820382971,0.0065069523179868,0.0,0.0187507016165244,0.0465744518767021,0.0115577385725741,0.0922656238514574,0.0536936926091132,0.0147033778030087,0.1053837195413281,0.0234805702093206,0.0036881171263193,0.0447344805743242,0.0211917624559616,0.003569240978,0.0448846960167714,0.0173384188159571,0.0,0.040861795895882
121,0.0574198214992305,0.0177858157287413,0.1019869247532367,0.046203848914968,0.0171296568339404,0.0888818027210883,0.0015374906544654,0.0,0.0094260780579321,0.0055945718861763,0.0,0.0156035462605137,0.0428379238351572,0.0106508483563096,0.0857497765591625,0.0499843680283277,0.0164086530678322,0.0959197324414715,0.0220345632360294,0.0036618584367661,0.0465844639679715,0.0202829491762856,0.0016608391608391,0.039594306049822,0.0163409321977504,0.0,0.0436025408348456
122,0.0557305411531393,0.0177536917834153,0.1059285351801545,0.0443929706783432,0.0134135091350913,0.0861836692719044,0.0015581431414345,0.0,0.0109138257575756,0.006290704177833,0.0,0.0184786144088469,0.0417479478991738,0.0091163757502339,0.0862300873586843,0.0487356907313407,0.0165285526747619,0.0879301140968085,0.0213505834787001,0.0037712323301412,0.0470042898308841,0.019482598037911,0.0016666666666666,0.037233109771105,0.0160860198556752,0.0,0.0420889639639638
123,0.0537652269765865,0.0170486376368729,0.1008837146320702,0.0416014015807338,0.0144927536231884,0.0795170113908872,0.001421790303354,0.0,0.0081650673064107,0.0055636283540426,0.0,0.0155196249323795,0.0390477861982328,0.0076882102272726,0.0815936724941018,0.04566899413494,0.0150849848266822,0.089240909028037,0.020745624513119,0.0037953128607711,0.0482843612499067,0.0190877685344006,0.0,0.0421350300459525,0.0153221213464292,0.0,0.0364045662368973
124,0.0520994882913561,0.0135366600336751,0.0971429308166369,0.04037857098073,0.0115347061956328,0.0811334397127754,0.001152337943839,0.0,0.0075504478717192,0.0050793865523547,0.0,0.0173267762771578,0.0377871220623097,0.0056608379194034,0.0804295366795366,0.043195403264143,0.0130881116289676,0.0883120951844549,0.0196099833665472,0.0036750470465591,0.0492750889679714,0.0180244812149456,0.0,0.0390938831405963,0.0146327190616697,0.0,0.0409567901234567
125,0.0503758574177642,0.0124211275333492,0.1066850617853335,0.0377679881642955,0.0079482922201137,0.0716014981273407,0.0010554421606932,0.0,0.00587629444391,0.0050795620405058,0.0,0.0191964285714285,0.035154185358974,0.0054396064475611,0.0750189393939392,0.0402018716079477,0.0129562282637148,0.0872626201923076,0.0180249946073989,0.0038016134628729,0.0463936936191342,0.0167418292153042,0.0035132376592848,0.0392978693967901,0.0131941818449984,0.0,0.0360719124769372
126,0.0479479424668082,0.0082102013966197,0.0976738721804509,0.0365880651746769,0.0078554443826816,0.0734447004608294,0.0010239747137809,0.0,0.0042940038684719,0.0043694423969137,0.0,0.0159353421217827,0.0333118083615804,0.0039815770666242,0.0717731898074173,0.0386867399705915,0.0123414344991107,0.0895932101245479,0.0175642481679666,0.0018482490272373,0.0405877534302681,0.0164228692290729,0.0017527675276752,0.0383141762452107,0.0121774320843126,0.0,0.0352366034498605
127,0.0464430655957533,0.0053113897596655,0.105247601763028,0.0353198355195053,0.0080771997514958,0.0843526104417669,0.0009495576675283,0.0,0.0041412331538698,0.0037293964164399,0.0,0.0158379316274052,0.031150835135377,0.0038525795241913,0.0722983696436299,0.0355472746982293,0.0094825911536162,0.0784123489657996,0.0178701176281147,0.0,0.0421455938697318,0.0160500056012151,0.0017657992565055,0.0376882352941176,0.012038670448474,0.0,0.035564778216952
128,0.043408335029063,0.0063119834710743,0.0985589146023466,0.0343938233755336,0.0108306220845908,0.0839134574693185,0.0008371309548839,0.0,0.0043399902123173,0.004020955169026,0.0,0.0163699936427208,0.0308402513926173,0.0039282516057311,0.0660633484162895,0.0340447720325871,0.0081617353058776,0.0780486167069567,0.0166932229224476,0.0,0.0414123315386988,0.0151414675774519,0.0,0.0356836248012718,0.0124206262717949,0.0,0.0354492187499999
129,0.0417613685286088,0.0081922043010752,0.0880226095743336,0.0325686103274918,0.0093769114263245,0.0770607206405692,0.0009610793185359,0.0,0.0043375527426159,0.0035328710127237,0.0,0.0164645711963148,0.0287776568584212,0.0039443994895894,0.0707343166377459,0.0318457454827778,0.0057741714806931,0.0779915079773545,0.0148819054437579,0.0,0.0375525210084033,0.014444294302428,0.0,0.0365150093808629,0.0117984296738659,0.0,0.0292551614703215
130,0.0392421770552828,0.0043943463307183,0.0876564609154497,0.0307920148563304,0.0083455459018109,0.0685727272727272,0.0009183758044347,0.0,0.0077413193667277,0.0027506467059365,0.0,0.0155754088431252,0.0282046349438237,0.0040225277750785,0.0665206106870228,0.0298461055816604,0.0038610038610038,0.0747464018464884,0.0149236770974853,0.0,0.0377907620735489,0.0140420502272378,0.0,0.0397005061867265,0.011167433901035,0.0,0.0288041308751126
131,0.0359894656800784,0.0058463769044681,0.0828882072880423,0.028450880964821,0.0073362015482965,0.071475041777755,0.0008020660136507,0.0,0.006089822522123,0.0028220100747245,0.0,0.0158663653767692,0.0267550934951478,0.0039362938851429,0.0660044395116535,0.0270657234514258,0.0,0.0656864836675673,0.0144021254215599,0.0,0.0372573339085418,0.012907334490625,0.0,0.0345175356339084,0.0107856887395237,0.0,0.0295887260252611
132,0.0344898996039413,0.00552569992199,0.0677940461397157,0.025997506325946,0.0054679559570863,0.0643637931034482,0.0007192017588978,0.0,0.0043514019398385,0.0023774821744972,0.0,0.0132728494623655,0.0253472540665026,0.0018199233716474,0.0667779898218827,0.0255938575124839,0.0017399267399267,0.0626526268623277,0.0135556159468661,0.0,0.0334079313543598,0.012259672949285,0.0,0.0344310823311747,0.0100950239934034,0.0,0.0305649689358449
133,0.0329889020935799,0.005633368569415,0.0651503349431374,0.0251359755135925,0.0038665618919322,0.0574025867265851,0.0006296606627443,0.0,0.0042436816295736,0.0021984965373368,0.0,0.0099281609195401,0.0232085050148584,0.0017025089605734,0.0600500241080037,0.0228233285313296,0.0016964285714285,0.0568478260869564,0.0127462759744446,0.0,0.0324577861163226,0.012647438570222,0.0,0.0326914388976733,0.009681740631445,0.0,0.0291826047358833
134,0.0313498042506561,0.0019874476987447,0.0622982832618025,0.0241168181439265,0.003919274641708,0.0574699256987851,0.000589247651048,0.0,0.0042241732409665,0.0023303111001726,0.0,0.0118955535333248,0.0221216730745858,0.0016608391608391,0.0600764364786504,0.0222253702862829,0.0016608391608391,0.0556649616368285,0.0123805911951958,0.0,0.032271905725853,0.011723995030182,0.0,0.0303241637608161,0.0092502742878099,0.0,0.0279871885066833
135,0.0294334710901069,0.0018774703557311,0.0662825810553082,0.0225672712276321,0.0037436868686868,0.0546200284090908,0.0005135124692524,0.0,0.0041685414647653,0.0021081199405641,0.0,0.0085684152604548,0.0215225047668881,0.0,0.0566043746018262,0.0218408305684361,0.0017086330935251,0.0503410447761193,0.0117449934213699,0.0,0.0309791044776119,0.0110659021385971,0.0,0.0294700065001392,0.0090229810932977,0.0,0.0282924380448623
136,0.0284990310860572,0.0018627450980391,0.0703125,0.0204754279513155,0.0038076174145546,0.0473427217688864,0.0005586510324288,0.0,0.0042685255920549,0.0023585280004066,0.0,0.0090068306836727,0.0202780459424174,0.0,0.0518238158477201,0.0206479860796791,0.0,0.0464263266588847,0.0111945670552189,0.0,0.0279959415584414,0.0100319399296045,0.0,0.0275693822047778,0.0086538432626453,0.0,0.0296946839080459
137,0.0270348120129651,0.0018410852713178,0.0632700570267947,0.0192964314461908,0.0,0.0439268980684642,0.0006707243577346,0.0,0.0042355371900825,0.0030841689427074,0.0,0.0123359259009312,0.0189909632052583,0.0,0.0494738692289664,0.0195907580950792,0.0,0.0502281176072997,0.0103911000030753,0.0,0.0279520193683283,0.0102376724496283,0.0,0.0277473173945782,0.0086266289035731,0.0,0.0287505059704513
138,0.0255335269074949,0.0018129770992366,0.0591723083642716,0.0181429579142784,0.0,0.0438113291703835,0.000518456767022,0.0,0.0040650406504065,0.0027497569143482,0.0,0.0123216454159076,0.0174919548828984,0.0,0.0459642941384596,0.018642804103923,0.0,0.0533918732782368,0.0103600726620824,0.0,0.0319127187482963,0.009084137667803,0.0,0.0258018509127788,0.0081427894936291,0.0,0.027616242880707
139,0.0239905820008081,0.0,0.0591679422698447,0.0179155517450898,0.0,0.0416869227029654,0.0005146138751795,0.0,0.0041275470286083,0.0028755019512472,0.0,0.0155698113207547,0.0165708180407025,0.0,0.0490486545256862,0.0171378390849386,0.0,0.0472339357429718,0.0097139498177064,0.0,0.0287411764705881,0.0086766348144613,0.0,0.0231894430776111,0.0075874735963791,0.0,0.024793388429752
140,0.022132123462673,0.0016379310344827,0.0576595037660611,0.0175844002187925,0.0,0.0445977633477632,0.0005537481537684,0.0,0.0041342213114753,0.0034558005261865,0.0,0.0166701173222911,0.0165255433471835,0.0,0.0464782074772912,0.0158830044607753,0.0,0.0477421497011668,0.0090811235139964,0.0,0.0256936506693806,0.0081649644936517,0.0,0.0248161201348451,0.0078115284797089,0.0,0.0251036953242835
141,0.0213872833676475,0.0,0.0529445554445553,0.0172051941749885,0.0,0.0440455665024629,0.0005505766384168,0.0,0.0041081969978073,0.0030596388745425,0.0,0.0142547398144412,0.0160472504858024,0.0,0.0509968712554918,0.0145648535234243,0.0,0.0461022787493375,0.0089119457618486,0.0,0.0306766362660944,0.0083325313160614,0.0,0.0277645611156685,0.0072912072336987,0.0,0.0227868697623299
142,0.0205785303520913,0.0,0.0561979166666665,0.016051445656458,0.0,0.041983222538778,0.0005667634832894,0.0,0.0042079513944081,0.0028586985516385,0.0,0.0151193520886615,0.0147405988501216,0.0,0.0416666666666666,0.0137140298677179,0.0,0.0395064935064934,0.0091393974614814,0.0,0.0318118936399568,0.0077144832862191,0.0,0.0285398962984299,0.0073139923288538,0.0,0.0265853658536584
143,0.0198549255912135,0.0,0.0537984292777539,0.0152896016329148,0.0,0.0424506969815201,0.000640235175126,0.0,0.0041584543568463,0.0029533662125281,0.0,0.015052050041092,0.0141377542408417,0.0,0.0447711056913031,0.0132415206396028,0.0,0.0372644124168513,0.0086875540331822,0.0,0.0296282368110024,0.0070942239958252,0.0,0.0243196004993756,0.0067372420801359,0.0,0.0254804597701149
144,0.0188303333368791,0.0,0.0503535701966194,0.0148648841281876,0.0,0.0435207059477485,0.0006035240675073,0.0,0.0041903110550651,0.0024702506036527,0.0,0.0143909837827113,0.0125309139623152,0.0,0.0414685423588039,0.0129912809681522,0.0,0.0380206081567948,0.0081687599687634,0.0,0.0292551614703215,0.0072043311780051,0.0,0.0285167515603701,0.0064543951241788,0.0,0.0293839480057634
145,0.0180256422604872,0.0,0.0532103317690118,0.0140533287798205,0.0,0.044646926696506,0.0005287426097307,0.0,0.0042648663393343,0.002186440496822,0.0,0.0122008857747223,0.0117032717658714,0.0,0.0401906697638404,0.0125300531547906,0.0,0.0396080368906455,0.0072840974714173,0.0,0.0216702596307057,0.0070554433380242,0.0,0.0282051282051281,0.0065317472907982,0.0,0.0268438648427929
146,0.0162143651601564,0.0,0.0489591633466135,0.0132817352787992,0.0,0.0483272535667962,0.0005327479206355,0.0,0.0043103448275862,0.0021047097699107,0.0,0.0120253012048192,0.0118907945144311,0.0,0.0396364968005549,0.0123255433379375,0.0,0.0419756799163178,0.0068780360260772,0.0,0.0213272074815136,0.0068649454294231,0.0,0.024705572902525,0.0067106424681729,0.0,0.0269861616023046
147,0.0151116594555075,0.0,0.0456726389310658,0.0129321331483189,0.0,0.0484972677595627,0.000726691615325,0.0,0.0043300224887556,0.0017648613728184,0.0,0.0085489909597296,0.0112831399898293,0.0,0.038117117117117,0.0116395483420281,0.0,0.0405982201713908,0.0065982117477698,0.0,0.0232104624607478,0.0066248262872705,0.0,0.0225079577818729,0.0063782540307296,0.0,0.0267535425101214
148,0.0144197238895027,0.0,0.0470930232558139,0.012122687904307,0.0,0.0415289256198346,0.0006737369712814,0.0,0.0042784070149798,0.0013010642451555,0.0,0.0081339238498148,0.0101759763236404,0.0,0.0339143818455149,0.0122009373000148,0.0,0.0401047237076648,0.0063635261977565,0.0,0.0223484848484848,0.0064258097549625,0.0,0.0225460742236808,0.0059609651768855,0.0,0.0268749999999999
149,0.0139218809807723,0.0,0.0463320463320463,0.0120096012764137,0.0,0.0461551724137929,0.0005673368915077,0.0,0.0043125232255666,0.0014284959171795,0.0,0.0083647305075875,0.0096092492205872,0.0,0.0351236979166666,0.0114588429340437,0.0,0.0377849002849002,0.0061940391160358,0.0,0.0222142552773042,0.0066386373719136,0.0,0.0243563869062268,0.0052297327081268,0.0,0.022017125620317
150,0.0136352233080698,0.0,0.0457188053289988,0.0118489116281707,0.0,0.0491080368906453,0.0006173787761911,0.0,0.0042831334140346,0.0010758176807939,0.0,0.0078903551087733,0.0092301251857339,0.0,0.0398713235294116,0.0106387049709564,0.0,0.0398479569211275,0.0061251406032863,0.0,0.0226790281329922,0.0067543625020871,0.0,0.0235441644237826,0.0050199958806256,0.0,0.0223050739543539
151,0.0121475841372894,0.0,0.0427139237974598,0.0114813578681072,0.0,0.0454756795422029,0.0005409527636634,0.0,0.004285439137134,0.0012743116541351,0.0,0.0082367886178861,0.0085813474656254,0.0,0.0358731368160388,0.0098486141677989,0.0,0.0400422508162088,0.0062659290041244,0.0,0.021750226860254,0.0066363519772986,0.0,0.0259159849250849,0.0051583197397707,0.0,0.0252615726062142
152,0.0111606556627755,0.0,0.0435901960784313,0.0111073260812705,0.0,0.0426673202031902,0.0004628988113669,0.0,0.0042735042735042,0.0017245732328475,0.0,0.0109908589168678,0.0084275169340357,0.0,0.0326458500400961,0.0094361045407123,0.0,0.0391777122802234,0.0064429131131195,0.0,0.0260069654754693,0.0066478567390869,0.0,0.0299386267740697,0.0052140911196812,0.0,0.0230995475113121
153,0.0104678292165828,0.0,0.042120861751017,0.0104655279078434,0.0,0.0409148838375396,0.0004624504304469,0.0,0.0043113538821693,0.0013201235249077,0.0,0.0088136050749088,0.0075079138783593,0.0,0.0306349885844748,0.0094589268955271,0.0,0.0345380078636958,0.0062775221641416,0.0,0.0227888086642598,0.0062267549740028,0.0,0.0307142857142856,0.005180698565962,0.0,0.0194466177178622
154,0.0102386408437035,0.0,0.0456822704854199,0.0100715480102076,0.0,0.0440428267919041,0.0003838791574267,0.0,0.0043632478632478,0.0011970300376597,0.0,0.0085968597965501,0.0081685536512696,0.0,0.0416470588235293,0.0086790708796454,0.0,0.0349431818181817,0.0058446722870526,0.0,0.0235522863568215,0.0058501274618973,0.0,0.0252810180275715,0.0048635311647802,0.0,0.0213949319397179
155,0.0095093099900642,0.0,0.0399634456452637,0.009669026069924,0.0,0.0429592798778843,0.000378726125905,0.0,0.0043026418026417,0.0014893377290218,0.0,0.0086376143377704,0.0079191264606131,0.0,0.0400297642860571,0.0084470877688119,0.0,0.0324535211267605,0.0054555080420634,0.0,0.0247590834983113,0.0056755561841606,0.0,0.0261138753816577,0.0041915269281422,0.0,0.0187841716785127
156,0.0089362358184957,0.0,0.0453780295047417,0.0095730903824556,0.0,0.0421679316888044,0.0004699781230884,0.0,0.0043500453720508,0.001235803070717,0.0,0.0085836909871244,0.0069255587483995,0.0,0.0342650673122775,0.0082381056883892,0.0,0.0347895522388058,0.005006275725342,0.0,0.0255028735632182,0.0054350622137283,0.0,0.0210482617297908,0.0037209181442768,0.0,0.0192476019184651
157,0.0083047762216841,0.0,0.0455444152923537,0.008962360691086,0.0,0.039640246248557,0.000336753922747,0.0,0.0043052882836207,0.0011042300901408,0.0,0.0084240479398623,0.0065650930313525,0.0,0.0333639705882352,0.0079855101646692,0.0,0.0353242188258596,0.0049258041675855,0.0,0.023519540229885,0.005149408817466,0.0,0.0205528846153845,0.0035159892866703,0.0,0.0160169003264835
158,0.0084043875587139,0.0,0.043832296176046,0.0089411231800744,0.0,0.0395419025782601,0.000290772996789,0.0,0.0042777413598455,0.0011873659255701,0.0,0.0085470085470085,0.0072193639400752,0.0,0.0419023338940284,0.0080185875749037,0.0,0.0334345087274774,0.0046558076700736,0.0,0.0215537992150128,0.0048093013448639,0.0,0.0216944287596461,0.0034779549854398,0.0,0.0176750309789342
159,0.0083668788019524,0.0,0.0469813126863648,0.0081320225985932,0.0,0.0407905217045,0.0002387594704706,0.0,0.0038474868739306,0.0010310567920215,0.0,0.0082483079957827,0.0069286217424613,0.0,0.0394870189999313,0.0073799857345852,0.0,0.031515046972029,0.0039188805983986,0.0,0.0195846380548903,0.0045647279819237,0.0,0.0217398470464134,0.0033522507188683,0.0,0.0159472403234669
160,0.007681772864898,0.0,0.0409628564176325,0.0075407689925494,0.0,0.032905785970302,0.0001913160353399,0.0,0.0036852495047892,0.0010278251240297,0.0,0.0082211538461538,0.0062169092591909,0.0,0.0377751510375622,0.0071426312254404,0.0,0.0358832046332046,0.0035594306626141,0.0,0.0177300670640834,0.0038001342966401,0.0,0.0178571428571428,0.0030975781360103,0.0,0.0217302259887005
161,0.0070346777558314,0.0,0.0369559651817716,0.0075373312675723,0.0,0.0340544783301515,0.0001945265680765,0.0,0.0038474868739306,0.0010377470133245,0.0,0.0082921683647215,0.0056443478327925,0.0,0.0345653305570014,0.0061598989091407,0.0,0.0309817596566522,0.0031118241925624,0.0,0.0163032656312225,0.0035503334832827,0.0,0.0175171436233382,0.0029607623042916,0.0,0.0200142450142449
162,0.0062311972412787,0.0,0.0321955983231706,0.0070210204892305,0.0,0.0300080128205127,0.0001622290827835,0.0,0.0039525691699604,0.0009511364378964,0.0,0.0078776041666666,0.0048606317528906,0.0,0.0332676348547717,0.005880358363463,0.0,0.0338451149731669,0.003042802309512,0.0,0.0172849412203768,0.0033069947836785,0.0,0.0179452151866839,0.0025817391879575,0.0,0.0134243874119153
163,0.0053642111038366,0.0,0.0277394636015325,0.0068689620243877,0.0,0.0301118035190615,0.0001565460799502,0.0,0.0038327283903638,0.0009111068263895,0.0,0.0082006315930927,0.0048775296169529,0.0,0.037006466984343,0.005734011218251,0.0,0.0282522980164489,0.002725429213093,0.0,0.0149398907103824,0.0030455168039657,0.0,0.0189429636401996,0.0021706991516603,0.0,0.0135969764011798
164,0.0050745603905949,0.0,0.0265998363338787,0.0060717992865766,0.0,0.0288797329276537,0.0001987042301328,0.0,0.0039339768339768,0.0010127471383709,0.0,0.006668778710597,0.0045993604012821,0.0,0.0347110860154337,0.0054300524897738,0.0,0.027470930232558,0.0025895266145883,0.0,0.0150138580931263,0.002741213504883,0.0,0.0158730158730158,0.0019955616007855,0.0,0.0123966203798243
165,0.0046365378394006,0.0,0.0252110480594086,0.0058242153900164,0.0,0.0274732273614839,0.0002395437735593,0.0,0.0040160642570281,0.0008035794585535,0.0,0.0047230514096185,0.0039680165258716,0.0,0.0278327877795962,0.0047902896648632,0.0,0.0275689123031076,0.0022911246927814,0.0,0.0130542058195155,0.002461903796273,0.0,0.0178090120201151,0.0018389152703356,0.0,0.014390454043564
166,0.0043388176799028,0.0,0.0273148148148147,0.0053792939291142,0.0,0.029061248155176,0.0001922033459902,0.0,0.0038262694512693,0.0007606046021578,0.0,0.0046815113240417,0.0040090550296658,0.0,0.0275236127508853,0.0044122812803577,0.0,0.0248704094183798,0.0023400449612073,0.0,0.0123868778280542,0.0024759351126299,0.0,0.0159480568961137,0.0018794689773419,0.0,0.0135710387484081
167,0.0040915419612576,0.0,0.0241666666666666,0.0052474040061378,0.0,0.030873760021742,0.0001990081103953,0.0,0.0039534120734907,0.0007261905752671,0.0,0.004618196501817,0.0035383837595966,0.0,0.0229939659047683,0.0044043024498121,0.0,0.0273148148148147,0.0023378240122987,0.0,0.0128785366931918,0.0026616021679416,0.0,0.0177441397201889,0.001869299592101,0.0,0.0131843381843381
168,0.0038283976895132,0.0,0.0246329019412642,0.0045348156366914,0.0,0.0272330518624984,0.0001629546799156,0.0,0.0039534120734907,0.0006844868838756,0.0,0.0045563511830634,0.0029609175458551,0.0,0.0199844571975131,0.0038154565630777,0.0,0.0231763495684064,0.0021714232629268,0.0,0.0128526228906823,0.0028030538432436,0.0,0.0182645856558899,0.0016969624597855,0.0,0.0150470262793913
169,0.0035755291109617,0.0,0.026507258542366,0.0044690358595089,0.0,0.0232432909604519,0.0001556617935939,0.0,0.00377849002849,0.0006421729730004,0.0,0.0046257363613078,0.0026697195971459,0.0,0.0214924125514402,0.0037791864785311,0.0,0.0240528584392013,0.0022562004311577,0.0,0.0134924242424242,0.0023899943280047,0.0,0.0154416143889461,0.0017337167443826,0.0,0.0136249999999999
170,0.0033293994083566,0.0,0.0253943133047209,0.0042232028209532,0.0,0.0237186366664198,0.0001188427071868,0.0,0.0018817204301074,0.0007358043951407,0.0,0.0046194956477214,0.0026742459108975,0.0,0.019332087935889,0.0037447424054586,0.0,0.0259355067328134,0.0023690660776147,0.0,0.0143446799836933,0.0025000289356032,0.0,0.0131209935897435,0.0015646377704383,0.0,0.0088359716157204
171,0.0030027738393256,0.0,0.0226189276355572,0.004055037816933,0.0,0.0232674331148597,0.0001227103110452,0.0,0.0019021739130434,0.0006868026253735,0.0,0.0046308005572821,0.0025081186147869,0.0,0.0169991419991419,0.0034343050672637,0.0,0.019345238095238,0.0027761834029676,0.0,0.0196370370370369,0.0021804992062937,0.0,0.0129336124401913,0.0014374218889594,0.0,0.0086031152878496
172,0.0025784944569174,0.0,0.0219037356321838,0.0038708275495706,0.0,0.0227259074916329,0.0001324982285656,0.0,0.0019662921348314,0.0006383750863104,0.0,0.0045623961794019,0.0021913922590892,0.0,0.0171575687743049,0.0033914858486624,0.0,0.0216843501326259,0.0024903504961309,0.0,0.0180855855855854,0.0022154324477413,0.0,0.0109034161064616,0.0013495259288788,0.0,0.0107661186745439
173,0.002535273423497,0.0,0.0203756391225465,0.0034423960808061,0.0,0.0238290754257906,0.0002183938524664,0.0,0.0041589123242348,0.0007191089685765,0.0,0.0064623695976154,0.0023136927689326,0.0,0.0152703116122546,0.0035758248575655,0.0,0.0255384615384614,0.0024117698227193,0.0,0.020708366746859,0.0021224945042601,0.0,0.0124719530851605,0.0012300391359784,0.0,0.0089361532481511
174,0.0025316320331938,0.0,0.0218188498554022,0.0033497430887835,0.0,0.0192139276993408,0.0002151378993403,0.0,0.0041015001595913,0.0005494518951667,0.0,0.0043841746196005,0.0022961249859571,0.0,0.0145482915476568,0.0034654952562789,0.0,0.0225320512820512,0.0020880510597206,0.0,0.013668831168831,0.0023610183168861,0.0,0.0157312824752007,0.0011848258780795,0.0,0.008512603215993
175,0.0023953493646786,0.0,0.0200092805939579,0.0030293779244939,0.0,0.0171077867280398,0.0002174362061544,0.0,0.0042355371900825,0.0007269075102406,0.0,0.0086137019764601,0.0023246772850264,0.0,0.0183570234113711,0.0032246478628641,0.0,0.0176845676845676,0.0019504432964577,0.0,0.0091373522113559,0.0025050843339754,0.0,0.0170617659852109,0.00130300259324,0.0,0.0086650922177237
176,0.002326422961836,0.0,0.0156289054626083,0.0030235552835452,0.0,0.0184787700337938,0.0001681648737085,0.0,0.0039353568118628,0.0007935575966105,0.0,0.0107025122715498,0.0024608441731706,0.0,0.0148816987406639,0.0030921421525391,0.0,0.0181735904072338,0.0019052351783563,0.0,0.011674430754495,0.0026297797768302,0.0,0.0168105502886498,0.0012531620978453,0.0,0.0081808297089327
177,0.0024053967198469,0.0,0.017646040175479,0.0026294076932395,0.0,0.0154579817158929,0.0001708437633382,0.0,0.0039543785641746,0.0007608618228121,0.0,0.0104737728205397,0.0023126828603576,0.0,0.0132368359739049,0.0033670674403064,0.0,0.0208790969316596,0.0018342336543631,0.0,0.0117263986013985,0.0024520518096823,0.0,0.0146057049914301,0.0010595052906866,0.0,0.0080842259006815
178,0.0021697170689881,0.0,0.0181051459194214,0.0025298163166236,0.0,0.0149634527396495,0.0002139025874525,0.0,0.0040440696231467,0.0007771663141005,0.0,0.0106573275862068,0.0023621682305376,0.0,0.0139155639773894,0.0032172353050711,0.0,0.0199871362757024,0.0019604879454297,0.0,0.0146542130365659,0.0026491542884252,0.0,0.0171603171107685,0.0014089768382582,0.0,0.0089559386973179
179,0.0018896267494229,0.0,0.0168480958797247,0.0023374794003502,0.0,0.0157412398921832,0.0001790815638219,0.0,0.0041398988518315,0.0006758050563329,0.0,0.008377550126959,0.0021970620807255,0.0,0.0149276859504131,0.002909520739518,0.0,0.0178670745272524,0.0026109944517557,0.0,0.0167733202067437,0.0028666632172552,0.0,0.0163117398858276,0.0014493581415739,0.0,0.0088543496077742
180,0.0018677166950055,0.0,0.0174189291101055,0.0020874855478053,0.0,0.013778732003031,0.0001313840466977,0.0,0.0020348837209301,0.0004658261318531,0.0,0.0044653712007971,0.0020896806575646,0.0,0.0167733202067437,0.0030691089290434,0.0,0.0185814594641164,0.0025380749862128,0.0,0.0175445658424381,0.0028481749329899,0.0,0.0151685703758289,0.0013278568136795,0.0,0.0084813331657298
181,0.0021826802562716,0.0,0.0174477458056049,0.0021502738223995,0.0,0.0133936018110329,0.0001258248739558,0.0,0.001996197718631,0.0004268518858816,0.0,0.004323908174692,0.0020940394239184,0.0,0.0149727074235807,0.0032166685247056,0.0,0.021175899788285,0.0023863826933934,0.0,0.0189772225655512,0.0027418563441669,0.0,0.014677086024283,0.0013196051160135,0.0,0.0090167427701673
182,0.0022890851516187,0.0,0.0166666666666665,0.0022671369245202,0.0,0.0132104744229207,0.0001677672288357,0.0,0.0040491667073945,0.0006749462232316,0.0,0.0068248893261189,0.0020741897219538,0.0,0.0181217120994738,0.0027743723065143,0.0,0.0165288271730991,0.0020863249649885,0.0,0.014436584512323,0.0025789791454006,0.0,0.0145663265306121,0.0013777087457909,0.0,0.0087614942528735
183,0.0025047597042856,0.0,0.024028162862243,0.0021800622257008,0.0,0.0131306021604228,0.0001737039793473,0.0,0.0042179541595925,0.0006426842854727,0.0,0.0064881642421748,0.0019570859924915,0.0,0.0159949712643677,0.0027767194594853,0.0,0.0154754422196282,0.0022646575213079,0.0,0.0125584326907925,0.0024877712690873,0.0,0.0126112288135592,0.001452699951088,0.0,0.0112416294642857
184,0.0027022636144603,0.0,0.0262639029322547,0.0020200083450479,0.0,0.0126051196340604,0.0001327759497602,0.0,0.0022727272727272,0.0005173151861282,0.0,0.0045982539212784,0.0021383909684488,0.0,0.0200468288137771,0.0028946882112734,0.0,0.0182449054220271,0.0023654221216651,0.0,0.0135355975557765,0.0025358332015243,0.0,0.0111651272079078,0.0015221803254566,0.0,0.0149058069528063
185,0.002690235837522,0.0,0.0256535315574222,0.0021211793285872,0.0,0.0126895226175576,8.921475123191798e-05,0.0,0.0,0.0006723721571693,0.0,0.006196573679952,0.0018275475923161,0.0,0.0126191989828353,0.0028371035233289,0.0,0.0207061657693493,0.0020839047921333,0.0,0.0124103299856527,0.0027146221725117,0.0,0.0149488284406139,0.0013228585357794,0.0,0.0129005042283717
186,0.0026582963037498,0.0,0.0265112212183036,0.0022729996883403,0.0,0.0177820796460176,8.4394195673461e-05,0.0,0.0,0.0005999574130141,0.0,0.006248199625522,0.0018132820394365,0.0,0.0124922823626259,0.0028174565361078,0.0,0.0216007053291535,0.0019725687274413,0.0,0.0121549180327868,0.0026910849315802,0.0,0.0169456066945605,0.0013761138995972,0.0,0.0117025501672239
187,0.0027661590179171,0.0,0.0243260527351435,0.0022260301550189,0.0,0.0168653673370653,8.2713834059642e-05,0.0,0.0,0.0006395719705644,0.0,0.0062015642939149,0.0019254476404112,0.0,0.0145353650333728,0.0026804951895026,0.0,0.0199716020368193,0.0019714507946283,0.0,0.0126291865190582,0.0025203500391518,0.0,0.0155534180386541,0.0012808527542925,0.0,0.012016806722689
188,0.0024738168794021,0.0,0.0187915006640106,0.0021616949861434,0.0,0.013327922077922,4.0322580645161006e-05,0.0,0.0,0.0006414447679664,0.0,0.0060822448074758,0.0020978453614229,0.0,0.0148296757287913,0.0021956252288066,0.0,0.017171382257589,0.0020516997373087,0.0,0.0129687499999999,0.0023768251990425,0.0,0.0137853989447614,0.0014475398439093,0.0,0.0136363636363636
189,0.0025935341759113,0.0,0.0191213653603033,0.0024949208877192,0.0,0.0199629344372772,3.90625e-05,0.0,0.0,0.0004696960137958,0.0,0.0044258443465491,0.0019428847302288,0.0,0.0171721423995607,0.0023147704054535,0.0,0.01507328261356,0.0020584528068795,0.0,0.0125550200942952,0.0021605421460174,0.0,0.0098911283794721,0.0015028594773912,0.0,0.013922803617571
190,0.0027402261163027,0.0,0.0200341511011987,0.0022390238306552,0.0,0.0181007751937983,3.875968992248e-05,0.0,0.0,0.000513620048808,0.0,0.0044747958039717,0.0022748869826197,0.0,0.018236806732511,0.0020991595172014,0.0,0.0136727344431067,0.0018294685014737,0.0,0.0122581612758085,0.0020925578904696,0.0,0.0114811320754716,0.0013648465789243,0.0,0.0137143567639256
191,0.0024707436943112,0.0,0.0201590931205603,0.0021486277309095,0.0,0.019671806492023,8.4272139066659e-05,0.0,0.0,0.0005835501407913,0.0,0.0060102398866357,0.0020281920120951,0.0,0.0163067758749068,0.002001257654123,0.0,0.0129257209491726,0.0020355598348277,0.0,0.0123456790123456,0.001812125729375,0.0,0.0098640135586716,0.0014718258890866,0.0,0.0141088126323217
192,0.0027576012418726,0.0,0.0225451239224136,0.0021545216862007,0.0,0.0218162565361619,0.0001678418578155,0.0,0.0039185565430585,0.0005404567048668,0.0,0.0060051156364114,0.002085978927577,0.0,0.018550847457627,0.0022623466706487,0.0,0.0148022095509621,0.001853294664099,0.0,0.0125288874215912,0.0019576353756495,0.0,0.0117632299270072,0.0016757058317726,0.0,0.0133766968325791
193,0.0028989287933574,0.0,0.0243077453685454,0.0020672338418045,0.0,0.0207156090782768,0.0002557508195885,0.0,0.0043300224887556,0.0005824513376053,0.0,0.007601011552388,0.00241016348432,0.0,0.0212337720879913,0.0022176288836952,0.0,0.0130381355932202,0.0022646127729054,0.0,0.0126112288135592,0.0018789371449913,0.0,0.0093457943925233,0.0017521412588763,0.0,0.0158584169453733
194,0.0031817190961383,0.0,0.0242409983633387,0.0020442885720129,0.0,0.0218392448512585,0.000207984457495,0.0,0.0041676070765116,0.0008365965031648,0.0,0.0106927315665178,0.002428149596503,0.0,0.0208333333333333,0.0021961117773989,0.0,0.0153906921955049,0.0020952340472792,0.0,0.0127147858874225,0.0017868611761751,0.0,0.0131077981651375,0.0015022783174255,0.0,0.0154317944553995
195,0.0032687258895225,0.0,0.0266643498358677,0.0019321681197792,0.0,0.0217398470464134,0.0002109757663557,0.0,0.0042831334140346,0.0006684553730637,0.0,0.0082513522650439,0.0023437535058102,0.0,0.0228305785123965,0.0023063931022636,0.0,0.0170915300546447,0.0019460038320153,0.0,0.0129976383265856,0.0017669185042156,0.0,0.0149288522579713,0.001376315104768,0.0,0.0156127084644429
196,0.0029892756518864,0.0,0.0207111625514403,0.001811355094764,0.0,0.0227648407335906,0.0002471208433925,0.0,0.004260174971472,0.0005457543296547,0.0,0.0078494969942337,0.0025549326373452,0.0,0.0187243852459015,0.002260311818561,0.0,0.0173160173160173,0.0021234207556645,0.0,0.0175531099010659,0.0017493818912371,0.0,0.0135746606334841,0.0013524995692675,0.0,0.0125523395791897
197,0.0030594202095722,0.0,0.0214698160320199,0.0019807674235971,0.0,0.0206409801136363,0.0001732148097491,0.0,0.0022435897435896,0.000698551991401,0.0,0.007623182114174,0.0027347590925159,0.0,0.0199107142857141,0.0021340534237339,0.0,0.0136727344431067,0.0020301178565328,0.0,0.0147753885458802,0.0015085203125786,0.0,0.008976267095736,0.0014479929897254,0.0,0.0090535565364195
198,0.0029707822340948,0.0,0.0195400720258804,0.002059856740026,0.0,0.0241094298453655,0.0001289660321015,0.0,0.0,0.0006675534363621,0.0,0.0074722489171157,0.0027784290174258,0.0,0.0230140163355851,0.0020287591255013,0.0,0.0114253393665157,0.0020694320054089,0.0,0.0131843381843381,0.0015511257220661,0.0,0.0107607607607606,0.0013568039568519,0.0,0.0109955272431552
199,0.0029881793724529,0.0,0.0232529198620979,0.0020798260668017,0.0,0.02200754956201,0.0001343671348542,0.0,0.0,0.0006109134699235,0.0,0.0080434361688394,0.0029969330605267,0.0,0.0242955721679125,0.0024554431017005,0.0,0.0158355957767721,0.0018767358787838,0.0,0.0143791920923898,0.0012695646612,0.0,0.0086626676076217,0.0011354058075222,0.0,0.0083647305075875
200,0.0030046436090174,0.0,0.019933712121212,0.0019780721682661,0.0,0.0188507314654103,0.000132941752325,0.0,0.0,0.0006964776567883,0.0,0.008345636126791,0.0027064211834633,0.0,0.0219643278998345,0.0024125436995247,0.0,0.0131525238588018,0.0015649686663785,0.0,0.0110854341736693,0.0013451207805387,0.0,0.0116848645389153,0.0011221239427802,0.0,0.0125905574116405
201,0.002990900282314,0.0,0.0218340611353711,0.001914265600488,0.0,0.0179299707543767,8.6393491565905e-05,0.0,0.0,0.0005053042634953,0.0,0.0045026881720429,0.0027009465609837,0.0,0.0204569406805179,0.0023357392060102,0.0,0.0132465595883201,0.0015334775627529,0.0,0.0093896713615023,0.0012757144507186,0.0,0.0140532447018559,0.0012403114733733,0.0,0.014328876960776
202,0.0029609726909775,0.0,0.0193521594684384,0.0020387717226527,0.0,0.018453839869281,8.403509701110399e-05,0.0,0.0,0.0005446846463764,0.0,0.0045606003986048,0.0026468607831697,0.0,0.0229166666666666,0.0022594827172319,0.0,0.0186790014284741,0.0014921242988821,0.0,0.0107543984029552,0.0011087083414582,0.0,0.0102584388185653,0.0012504951686678,0.0,0.0144598583234946
203,0.003355982010821,0.0,0.0244976923689026,0.0018889692844617,0.0,0.0188142970192561,8.0508269072214e-05,0.0,0.0,0.000876816153845,0.0,0.0086650922177237,0.0027847350711079,0.0,0.0253222475430849,0.0019919771503466,0.0,0.0131071571600205,0.0013987561822678,0.0,0.009445701357466,0.0010862514894712,0.0,0.008494617859004,0.0013103180584064,0.0,0.0125759831829726
204,0.0035535496659117,0.0,0.0242175115029191,0.0017614881829382,0.0,0.0160279860984084,8.0039620410901e-05,0.0,0.0,0.0006646512901374,0.0,0.0080497804752065,0.0025627526133416,0.0,0.0227180631868131,0.0021749532485725,0.0,0.0162370794654025,0.0014901439709841,0.0,0.011964753512741,0.0011675802773034,0.0,0.0087740222765134,0.0013574764255981,0.0,0.0129375696767
205,0.0036293927819177,0.0,0.0242175115029191,0.0015108175718656,0.0,0.013063829787234,8.3103448275862e-05,0.0,0.0,0.0007506597089384,0.0,0.0085107726731386,0.0024666980087497,0.0,0.021017060367454,0.0023986963992736,0.0,0.0204329229293251,0.0015057062310582,0.0,0.0108393719806762,0.0011710388822049,0.0,0.0088256296439254,0.0011631667233154,0.0,0.0105770430442918
206,0.0036198700341075,0.0,0.0236611611611611,0.0013818326960016,0.0,0.0089898194158283,0.0001299586144662,0.0,0.0021516393442622,0.0009176170780411,0.0,0.0090587478559175,0.0024063260804813,0.0,0.0207561013283904,0.0025306528222642,0.0,0.0213502819719847,0.0014732605261355,0.0,0.0091985255397576,0.0010761860830549,0.0,0.0080816573070392,0.0011624157943256,0.0,0.0123045004787742
207,0.0034492353133427,0.0,0.0277233949469538,0.0013659843624844,0.0,0.0089512637899734,0.0002503055161387,0.0,0.0040741230753964,0.0007934580652955,0.0,0.0064680523040026,0.0025274550625008,0.0,0.0194122955547698,0.0026885787266022,0.0,0.0215472027972027,0.0016012482975396,0.0,0.0103791158103888,0.0010477788389144,0.0,0.0063888283972125,0.001417204356242,0.0,0.0145917678812414
208,0.003444626270018,0.0,0.0253914650186858,0.0013356971873944,0.0,0.010380010411244,0.0001692012477675,0.0,0.0040469676242589,0.00099880377884,0.0,0.0082117647058823,0.0026195641144847,0.0,0.0171830366952317,0.0028181760307624,0.0,0.024198819569777,0.0017221978337269,0.0,0.0123221343873517,0.0013318659788638,0.0,0.0106881228117424,0.0013913802727677,0.0,0.0091672913543227
209,0.003438830515446,0.0,0.0270622071991933,0.0017271636078209,0.0,0.0123456790123456,0.0001755172502754,0.0,0.0041499319264805,0.0011730328409663,0.0,0.0086977069509819,0.0027508018633136,0.0,0.0207561013283904,0.0026729358500626,0.0,0.0233000886524822,0.0020232666170628,0.0,0.0130199706369522,0.0013859160038839,0.0,0.0133333333333333,0.0014836530196772,0.0,0.0084052751443249
210,0.0032719452339655,0.0,0.0242323852617969,0.0019636542805153,0.0,0.0152228294334975,0.0001732976221651,0.0,0.0042227564102563,0.0009730186643061,0.0,0.008377550126959,0.0026570780052972,0.0,0.0167445769210566,0.0027894539019478,0.0,0.0199779240651598,0.0021783704321645,0.0,0.0157929961089493,0.001414579573784,0.0,0.0116311216429698,0.0017293720237037,0.0,0.0120262285631934
211,0.0034024002098655,0.0,0.0230693459416862,0.0021218780282925,0.0,0.0169891375072294,0.000257165908166,0.0,0.0043312030286559,0.0010088973435712,0.0,0.0085235687195231,0.0027167920406339,0.0,0.0178525482434437,0.0031518863436155,0.0,0.0183826324051887,0.0021867972829339,0.0,0.0155908684653022,0.0016919369896371,0.0,0.0092389912954428,0.0016774842991914,0.0,0.0114154411764705
212,0.0034615093643801,0.0,0.0189180107526881,0.0021595470537368,0.0,0.016033734939759,0.0002545376758787,0.0,0.004206399660945,0.0011314840409329,0.0,0.0084956183057448,0.0027392198909292,0.0,0.0166741658590613,0.0032006475792983,0.0,0.0195927903871828,0.0025267790434652,0.0,0.0143250377073906,0.0016149161476382,0.0,0.0091544133048468,0.0018940385736732,0.0,0.0144102564102563
213,0.0034208206413721,0.0,0.0203790820390282,0.0026463006040788,0.0,0.0168617565137678,0.0002173513375569,0.0,0.0041950618578318,0.0009806606499481,0.0,0.0077554086538461,0.0029113786563369,0.0,0.0200244776809805,0.0030891453414852,0.0,0.0190435655666142,0.0028365613002313,0.0,0.014863631434355,0.0016461648035905,0.0,0.0106239437387558,0.0021185720228091,0.0,0.0140380625598466
214,0.0032603180995338,0.0,0.0172454155286773,0.0027584000006333,0.0,0.0200851455068755,0.0002127095247371,0.0,0.0040694214876032,0.0008191032253976,0.0,0.0064847883597882,0.003011343559948,0.0,0.020584813227189,0.0031595367318557,0.0,0.0167099882165383,0.0032505241532359,0.0,0.016653407125562,0.001825355058429,0.0,0.0155232892466934,0.0020133974906961,0.0,0.0115784383589533
215,0.003434836784058,0.0,0.0247020393004253,0.0029572302937303,0.0,0.0234447488584474,0.0002494197372823,0.0,0.0041360200224741,0.001238646104328,0.0,0.0101722802942314,0.0033117041421577,0.0,0.0197862737927981,0.0034613593888111,0.0,0.0226806044998643,0.0036087357694643,0.0,0.0210465116279068,0.0016330179875878,0.0,0.0121285714285713,0.0020398922154887,0.0,0.0133046189107294
216,0.0032481567113524,0.0,0.0210138104205899,0.0035926864788143,0.0,0.0253365384615384,0.0002956261413692,0.0,0.0041015001595913,0.0008949988931019,0.0,0.0066370348780724,0.0033380031764645,0.0,0.0242319435168398,0.003552732887414,0.0,0.0182991141650798,0.0035192565067883,0.0,0.0208478379398564,0.0016534527320002,0.0,0.0122172619047618,0.0018918321916793,0.0,0.0088763428212969
217,0.0034229015898357,0.0,0.0245424891267982,0.0029737742772537,0.0,0.0210638766519823,0.0002034948842107,0.0,0.0037736249734549,0.0008468738394002,0.0,0.0062645021954091,0.0031671336024247,0.0,0.0229840600093764,0.0030181609586947,0.0,0.018403607460507,0.003977036670354,0.0,0.0236134269416409,0.0015143590207152,0.0,0.0101621240601503,0.0020826062927451,0.0,0.012865124215625
218,0.0032524336894931,0.0,0.0219506868895417,0.0028876222053135,0.0,0.0233076083846042,0.0001254442471621,0.0,0.0020270270270269,0.0013236426918274,0.0,0.0104270472031972,0.0032901592629279,0.0,0.0204366068461282,0.0026528739951164,0.0,0.0182132693714935,0.0039001908917635,0.0,0.020309454191033,0.0016576155828911,0.0,0.0126644707558087,0.0024648922502447,0.0,0.0122774952320406
219,0.0029537858006299,0.0,0.0171213746670611,0.0029486688306565,0.0,0.020911826268969,0.0002532790707286,0.0,0.0042026375721624,0.0010407001933266,0.0,0.0088910398230087,0.0034261860393752,0.0,0.0214126275510203,0.0027698563476668,0.0,0.0160982640238372,0.0039838921139707,0.0,0.0182876212326623,0.0016378546426549,0.0,0.011454248366013,0.0026099161577477,0.0,0.0127382573179032
220,0.0032513363550166,0.0,0.0187043355390128,0.0032206081375161,0.0,0.0260764703990738,0.0002540115833314,0.0,0.0041943565400843,0.0011178364774073,0.0,0.0104884004884003,0.0030017216577765,0.0,0.0164687949868743,0.0029744957477819,0.0,0.0186270703933746,0.0036797386057988,0.0,0.0170561210065026,0.0020851651918279,0.0,0.0142379745991532,0.0024792839816329,0.0,0.0118671835340808
221,0.0032170229852846,0.0,0.0167440318302386,0.0033661374945095,0.0,0.023004253374578,0.0002968192690767,0.0,0.0042486559139784,0.00136518152165,0.0,0.0103268733850128,0.0031159724974413,0.0,0.0166476447395724,0.0025810504410719,0.0,0.0166012396694214,0.0037526891952968,0.0,0.017597968069666,0.002073505747741,0.0,0.0091346955796496,0.0025775578722636,0.0,0.01067516075256
222,0.003420319138929,0.0,0.0205073395567875,0.0036217549357665,0.0,0.024812408759124,0.000262026971273,0.0,0.0042145441004361,0.001113647001833,0.0,0.0083559995815461,0.0028895234136569,0.0,0.0153518279821888,0.0026584309287343,0.0,0.0177779693967138,0.0037616781964901,0.0,0.0192358366271409,0.0019363655566049,0.0,0.0117230284775464,0.0024583715087411,0.0,0.0110782715042803
223,0.003699669380348,0.0,0.0189535399496336,0.0035140907325396,0.0,0.023776245889198,0.0001698652733218,0.0,0.0040169354838709,0.0011907732360084,0.0,0.0085662668280693,0.0031483817276495,0.0,0.014497564726993,0.0028792227672281,0.0,0.01903461001039,0.0038953319166076,0.0,0.0202963493317531,0.0021010223616831,0.0,0.0116792438732814,0.0024807685824266,0.0,0.0131009158622785
224,0.0035651223524533,0.0,0.0200169916079006,0.0036502664458532,0.0,0.0250138966092272,0.0002195726776311,0.0,0.0042306393716458,0.0009697771760972,0.0,0.0085674593744858,0.0032348221241784,0.0,0.0159697211155378,0.0027688441971392,0.0,0.0189821428571428,0.0034698953819906,0.0,0.0190407757601804,0.0024109776408403,0.0,0.015003582451499,0.0021635990323819,0.0,0.0106321112515801
225,0.0034403468528179,0.0,0.0218379446640315,0.0040167922625819,0.0,0.0314445405138339,0.000258254950907,0.0,0.0042420977011493,0.0008747559379596,0.0,0.0079678848283499,0.0033234968879068,0.0,0.0161143410852712,0.0026812570767229,0.0,0.0171325336561387,0.0034426909122343,0.0,0.0200741726892354,0.0024048413841675,0.0,0.0146254286467949,0.0024813223548718,0.0,0.015730874949813
226,0.0035274922220909,0.0,0.022011952191235,0.0041518128050856,0.0,0.0311318965517241,0.0003371345797408,0.0,0.0042671504437654,0.0006581534685713,0.0,0.0046123619371282,0.0032250762388761,0.0,0.0161762784925869,0.0026319349934914,0.0,0.0159612403100774,0.0035039655984032,0.0,0.0192347519933726,0.0026706963460367,0.0,0.0166440974305352,0.0026759706747717,0.0,0.0132368359739049
227,0.0040371717528298,0.0,0.0195479884790484,0.0042930645602287,0.0,0.0266096698113206,0.0003767130263638,0.0,0.0041072151386358,0.0008848984643764,0.0,0.0084710743801652,0.0032367476281046,0.0,0.0160074244751663,0.0027242272037599,0.0,0.0193655026300408,0.0039844347747185,0.0,0.0210187146892655,0.002639860720772,0.0,0.0161325463798513,0.0029673455908739,0.0,0.0130805673704997
228,0.0039640619094994,0.0,0.0213791643139468,0.0046384424547303,0.0,0.0339772436102747,0.0003660287805468,0.0,0.0042338853913291,0.0006743891386871,0.0,0.0062705122716894,0.0032551785293666,0.0,0.0178991832158872,0.0024830117639984,0.0,0.0167753013737033,0.0038928460809717,0.0,0.0201161946259985,0.0028613875596061,0.0,0.0164609053497942,0.0026943767958207,0.0,0.0142191644562333
229,0.0039275478360358,0.0,0.0197381280901459,0.0044844964633266,0.0,0.0385529569338553,0.0004566143449627,0.0,0.0043882262408618,0.000708470019954,0.0,0.0060290215588722,0.0031600680901005,0.0,0.0203933810158806,0.0023338190825604,0.0,0.0185447563559321,0.0036360982500586,0.0,0.0167733202067437,0.0027241296274081,0.0,0.0169747265182949,0.0029972419757101,0.0,0.0180407914959016
230,0.0037822119862367,0.0,0.0180275974025973,0.0045419912046931,0.0,0.0343025711662074,0.0004987560158307,0.0,0.0042831334140346,0.0009670724899773,0.0,0.007904858299595,0.0031862019663143,0.0,0.0202908433345455,0.0025800089359315,0.0,0.018259311498532,0.0036286991434948,0.0,0.017025206431986,0.0031874564396148,0.0,0.0139517007238484,0.003334485457244,0.0,0.0192773877937003
231,0.0039866368378609,0.0,0.0208427073238266,0.0046549430426164,0.0,0.0273056994818652,0.0004836682120488,0.0,0.0041081969978073,0.0008884887650439,0.0,0.0085346780282601,0.0034815809568956,0.0,0.020546587727288,0.0026234419551618,0.0,0.0191785323110623,0.0035254603267403,0.0,0.018619658119658,0.0034602195513641,0.0,0.0184137757667168,0.0031096275523667,0.0,0.017102571595558
232,0.0037672626271819,0.0,0.0183685142198693,0.0044053709869067,0.0,0.0212708587708587,0.0005237013138323,0.0,0.0041554705801295,0.000914939115335,0.0,0.0069300303042881,0.0037502958804973,0.0,0.019577292411975,0.0024015293378309,0.0,0.0179943337090274,0.0037556637647568,0.0,0.021983622010133,0.0034198053743511,0.0,0.0188645245840255,0.00319136711444,0.0,0.0185814982506688
233,0.0038975813282613,0.0,0.019948075457317,0.0043861460459875,0.0,0.0221557380231383,0.0004469784081014,0.0,0.0042858187669128,0.0012258127187624,0.0,0.0089922026502908,0.0041715485453324,0.0,0.0199197120708748,0.0025486985668864,0.0,0.0156006608449373,0.0036923262315898,0.0,0.0220814144218029,0.0033926825563881,0.0,0.0151894400486913,0.0034952797399032,0.0,0.0226718573916606
234,0.0037746815204639,0.0,0.0200421686746987,0.0044813274919545,0.0,0.0231760570880817,0.0003726741264429,0.0,0.0042756428988895,0.0010639144337425,0.0,0.0084620748846689,0.0039049011479303,0.0,0.0203996513944222,0.0028666611852403,0.0,0.0156126925326573,0.0038612851400374,0.0,0.0213176538803021,0.0036799041986779,0.0,0.0193887028836805,0.0036376418610254,0.0,0.0185840518349645
235,0.0039289511617264,0.0,0.0216532412734942,0.0042964290119185,0.0,0.0225567680333786,0.0004265071070072,0.0,0.0043768673868076,0.0012033148884594,0.0,0.0105600896860986,0.0038782246758469,0.0,0.0216124547456424,0.0031917817713094,0.0,0.015036610878661,0.0041491746072088,0.0,0.02342925873129,0.0040280048244165,0.0,0.0269861501405057,0.0029202470835419,0.0,0.0149265950401058
236,0.0042488114820108,0.0,0.0237095692978045,0.0039053725926619,0.0,0.0248220731807366,0.0004408021390724,0.0,0.0044444444444444,0.001179575626326,0.0,0.0091785117056855,0.0041335672801701,0.0,0.0255891891891891,0.0035156483504799,0.0,0.021169426956646,0.0040531496335814,0.0,0.0220865477338475,0.0036859384433817,0.0,0.019517906336088,0.003160456706003,0.0,0.014996691906197
237,0.004776632999497,0.0,0.0219252271139062,0.0037440718987483,0.0,0.0239204545454545,0.0003967756310083,0.0,0.0044455199115043,0.0010179097577195,0.0,0.0089583333333332,0.0038824133931571,0.0,0.0230532714568039,0.0031879412109553,0.0,0.0165734961245626,0.0038753041398099,0.0,0.0212270930650376,0.0036700526601568,0.0,0.0183610987158509,0.0033928172082758,0.0,0.0185747512598526
238,0.0048410372609319,0.0,0.0196430607281294,0.003966000057273,0.0,0.0261079870377429,0.0003091647832185,0.0,0.0044211419211419,0.0007569677027251,0.0,0.0066091039312429,0.0042780166971153,0.0,0.0242644177388805,0.0033252601141456,0.0,0.0171325336561387,0.0036797122150191,0.0,0.0249793290810298,0.0034238845534659,0.0,0.0188958399324252,0.0031400119352122,0.0,0.0187034860947904
